pdf_page,cet_level,source_family,proposed_forms,review_status,review_reason
26,CET-4,appropriate１,appropriate,required,同形异义编号已移至 sense_number；同一拼写同时出现在 CET-4 与 CET-6 词族中
26,CET-6,appropriate２,appropriate,required,同形异义编号已移至 sense_number；同一拼写同时出现在 CET-4 与 CET-6 词族中
47,CET-4,converse１,converse,required,同形异义编号已移至 sense_number；同一拼写同时出现在 CET-4 与 CET-6 词族中
47,CET-6,converse２,converse,required,同形异义编号已移至 sense_number；同一拼写同时出现在 CET-4 与 CET-6 词族中
49,CET-6,coup(d􀆳état),coup | coup d'état,required,法语短语及撇号由 PDF 私有字形恢复
54,CET-4,despatch,despatch,required,同一拼写同时出现在 CET-4 与 CET-6 词族中
56,CET-6,dispatch/despatch,dispatch | despatch,required,斜杠并列形式；同一拼写同时出现在 CET-4 与 CET-6 词族中
83,CET-6,invalid１,invalid,required,同形异义编号已移至 sense_number；同一拼写同时出现在 CET-4 与 CET-6 词族中
83,CET-4,invalid２,invalid,required,同形异义编号已移至 sense_number；同一拼写同时出现在 CET-4 与 CET-6 词族中
128,CET-4,staple１,staple,required,同形异义编号已移至 sense_number；同一拼写同时出现在 CET-4 与 CET-6 词族中
128,CET-6,staple２,staple,required,同形异义编号已移至 sense_number；同一拼写同时出现在 CET-4 与 CET-6 词族中
21,CET-4,a/an,a | an,spot_check,斜杠并列形式
22,CET-4,administer/administrate administration administrative,administer | administrate | administration | administrative,spot_check,斜杠并列形式
22,CET-4,advertise advertisement/ad advertising,advertise | advertisement | ad | advertising,spot_check,斜杠并列形式；缩写形式
22,CET-4,advise advisor/Ｇer advisory advisable,advise | advisor | adviser | advisory | advisable,spot_check,PDF 连字符/共享词尾字形已恢复；共享词尾替换
23,CET-4,afterward(s),afterward | afterwards,spot_check,括号可选拼写
23,CET-4,age aged ag(e)ing,age | aged | aging | ageing,spot_check,括号可选拼写
23,CET-4,airplane/aeroplane,airplane | aeroplane,spot_check,斜杠并列形式
23,CET-4,airＧconditioning airＧconditioner,air-conditioning | air-conditioner,spot_check,PDF 连字符/共享词尾字形已恢复
24,CET-4,alphabet alphabetic(al),alphabet | alphabetic | alphabetical,spot_check,括号可选拼写
25,CET-4,alumin(i)um,aluminum | aluminium,spot_check,括号可选拼写
25,CET-4,amid(st),amid | amidst,spot_check,括号可选拼写
25,CET-4,among(st),among | amongst,spot_check,括号可选拼写
25,CET-4,analyze/Ｇyse analysis analytic(al) analyst,analyze | analyse | analysis | analytic | analytical | analyst,spot_check,PDF 连字符/共享词尾字形已恢复；共享词尾替换；括号可选拼写
26,CET-4,anybody/anyone,anybody | anyone,spot_check,斜杠并列形式
26,CET-4,apartment/apt．,apartment | apt.,spot_check,斜杠并列形式；缩写形式
26,CET-4,apology apologize/Ｇise apologetic,apology | apologize | apologise | apologetic,spot_check,PDF 连字符/共享词尾字形已恢复；共享词尾替换
26,CET-6,appal(l) appalling,appal | appall | appalling,spot_check,括号可选拼写
27,CET-6,armo(u)r,armor | armour,spot_check,括号可选拼写
29,CET-4,authorize/Ｇise authorization/Ｇsation,authorize | authorise | authorization | authorisation,spot_check,PDF 连字符/共享词尾字形已恢复；共享词尾替换
29,CET-4,auto(mobile),auto | automobile,spot_check,括号可选拼写
29,CET-6,autobiography autobiographic(al),autobiography | autobiographic | autobiographical,spot_check,括号可选拼写
29,CET-4,ax(e),ax | axe,spot_check,括号可选拼写
30,CET-4,bank１,bank,spot_check,同形异义编号已移至 sense_number
30,CET-4,bank２,bank,spot_check,同形异义编号已移至 sense_number
30,CET-4,barbecue/BBQ,barbecue | BBQ,spot_check,斜杠并列形式；缩写形式
32,CET-4,behave behavio(u)r behavio(u)ral,behave | behavior | behaviour | behavioral | behavioural,spot_check,括号可选拼写
32,CET-4,bestＧseller bestＧselling,best-seller | best-selling,spot_check,PDF 连字符/共享词尾字形已恢复
33,CET-4,bicycle/bike,bicycle | bike,spot_check,斜杠并列形式
34,CET-4,blond(e),blond | blonde,spot_check,括号可选拼写
34,CET-4,bore１,bore,spot_check,同形异义编号已移至 sense_number
34,CET-4,bore２,bore,spot_check,同形异义编号已移至 sense_number
35,CET-4,bound１,bound,spot_check,同形异义编号已移至 sense_number
35,CET-4,bound２,bound,spot_check,同形异义编号已移至 sense_number
35,CET-4,bound３,bound,spot_check,同形异义编号已移至 sense_number
35,CET-4,bow１,bow,spot_check,同形异义编号已移至 sense_number
35,CET-4,bow２,bow,spot_check,同形异义编号已移至 sense_number
35,CET-4,box１,box,spot_check,同形异义编号已移至 sense_number
35,CET-4,box２,box,spot_check,同形异义编号已移至 sense_number
35,CET-4,brandＧnew,brand-new,spot_check,PDF 连字符/共享词尾字形已恢复
38,CET-4,can１,can,spot_check,同形异义编号已移至 sense_number
38,CET-4,can２,can,spot_check,同形异义编号已移至 sense_number
39,CET-4,catalog(ue),catalog | catalogue,spot_check,括号可选拼写
39,CET-4,cellＧphone,cell-phone,spot_check,PDF 连字符/共享词尾字形已恢复
39,CET-4,Celsius/Ｇcius,Celsius | Celcius,spot_check,PDF 连字符/共享词尾字形已恢复；共享词尾替换
40,CET-4,center/Ｇtre central centralize/Ｇise,center | centre | central | centralize | centralise,spot_check,PDF 连字符/共享词尾字形已恢复；共享词尾替换
40,CET-4,centimeter/Ｇtre,centimeter | centimetre,spot_check,PDF 连字符/共享词尾字形已恢复；共享词尾替换
40,CET-4,chairman/chairperson,chairman | chairperson,spot_check,斜杠并列形式
40,CET-4,character characteristic characterize/Ｇise,character | characteristic | characterize | characterise,spot_check,PDF 连字符/共享词尾字形已恢复；共享词尾替换
40,CET-4,check１,check,spot_check,同形异义编号已移至 sense_number
41,CET-4,check２/cheque,check | cheque,spot_check,同形异义编号已移至 sense_number；斜杠并列形式
41,CET-4,cigaret(te),cigaret | cigarette,spot_check,括号可选拼写
42,CET-4,civil civilize/Ｇise civilization/Ｇsation,civil | civilize | civilise | civilization | civilisation,spot_check,PDF 连字符/共享词尾字形已恢复；共享词尾替换
42,CET-4,clearＧcut,clear-cut,spot_check,PDF 连字符/共享词尾字形已恢复
44,CET-4,colo(u)r colo(u)rful,color | colour | colorful | colourful,spot_check,括号可选拼写
44,CET-4,colon semiＧcolon,colon | semi-colon,spot_check,PDF 连字符/共享词尾字形已恢复
44,CET-4,colony colonial colonialism colonize/Ｇise,colony | colonial | colonialism | colonize | colonise,spot_check,PDF 连字符/共享词尾字形已恢复；共享词尾替换
44,CET-4,commerce commercial commercialize/Ｇise,commerce | commercial | commercialize | commercialise,spot_check,PDF 连字符/共享词尾字形已恢复；共享词尾替换
45,CET-4,compound１,compound,spot_check,同形异义编号已移至 sense_number
45,CET-4,compound２,compound,spot_check,同形异义编号已移至 sense_number
45,CET-4,compute computer computerize/Ｇise computation,compute | computer | computerize | computerise | computation,spot_check,PDF 连字符/共享词尾字形已恢复；共享词尾替换
46,CET-4,connect connection/Ｇxion,connect | connection | connecxion,spot_check,PDF 连字符/共享词尾字形已恢复；共享词尾替换
47,CET-4,content１,content,spot_check,同形异义编号已移至 sense_number
47,CET-4,content２,content,spot_check,同形异义编号已移至 sense_number
47,CET-4,contract１,contract,spot_check,同形异义编号已移至 sense_number
47,CET-4,contract２,contract,spot_check,同形异义编号已移至 sense_number
48,CET-4,council council(l)or,council | councilor | councillor,spot_check,括号可选拼写
48,CET-4,counsel counsel(l)or,counsel | counselor | counsellor,spot_check,括号可选拼写
49,CET-4,court１,court,spot_check,同形异义编号已移至 sense_number
49,CET-4,court２,court,spot_check,同形异义编号已移至 sense_number
49,CET-6,cozy/Ｇsy,cozy | cosy,spot_check,PDF 连字符/共享词尾字形已恢复；共享词尾替换
50,CET-4,criticize/Ｇise criticism critic critical,criticize | criticise | criticism | critic | critical,spot_check,PDF 连字符/共享词尾字形已恢复；共享词尾替换
51,CET-4,dad(dy),dad | daddy,spot_check,括号可选拼写
51,CET-4,date１,date,spot_check,同形异义编号已移至 sense_number
51,CET-4,date２,date,spot_check,同形异义编号已移至 sense_number
52,CET-4,deal１,deal,spot_check,同形异义编号已移至 sense_number
52,CET-4,deal２,deal,spot_check,同形异义编号已移至 sense_number
52,CET-4,defect１,defect,spot_check,同形异义编号已移至 sense_number
52,CET-4,defect２,defect,spot_check,同形异义编号已移至 sense_number
52,CET-4,defend defense/Ｇce defensive defendant,defend | defense | defence | defensive | defendant,spot_check,PDF 连字符/共享词尾字形已恢复；共享词尾替换
53,CET-4,demonstrate demonstration/demo demonstrative,demonstrate | demonstration | demo | demonstrative,spot_check,斜杠并列形式；缩写形式
54,CET-4,desert１,desert,spot_check,同形异义编号已移至 sense_number
54,CET-4,desert２,desert,spot_check,同形异义编号已移至 sense_number
55,CET-4,dialog(ue),dialog | dialogue,spot_check,括号可选拼写
56,CET-4,disk/disc,disk | disc,spot_check,斜杠并列形式
57,CET-6,distil(l),distil | distill,spot_check,括号可选拼写
57,CET-4,dormitory/dorm,dormitory | dorm,spot_check,斜杠并列形式；缩写形式
59,CET-4,easyＧgoing,easy-going,spot_check,PDF 连字符/共享词尾字形已恢复
60,CET-4,electricity electric(al) electrician,electricity | electric | electrical | electrician,spot_check,括号可选拼写
61,CET-4,emphasis emphasize/Ｇise emphatic,emphasis | emphasize | emphasise | emphatic,spot_check,PDF 连字符/共享词尾字形已恢复；共享词尾替换
61,CET-6,encyclop(a)edia,encyclopedia | encyclopaedia,spot_check,括号可选拼写
61,CET-6,endeavo(u)r,endeavor | endeavour,spot_check,括号可选拼写
62,CET-4,enrol(l) enrol(l)ment,enrol | enroll | enrolment | enrollment,spot_check,括号可选拼写
63,CET-6,esthetic/aesthetic esthetics/aesthetics,esthetic | aesthetic | esthetics | aesthetics,spot_check,斜杠并列形式
63,CET-4,examine exam(ination) examiner examinee,examine | exam | examination | examiner | examinee,spot_check,括号可选拼写
65,CET-4,fair１,fair,spot_check,同形异义编号已移至 sense_number
65,CET-4,fair２,fair,spot_check,同形异义编号已移至 sense_number
65,CET-4,fall１,fall,spot_check,同形异义编号已移至 sense_number
65,CET-4,fall２,fall,spot_check,同形异义编号已移至 sense_number
65,CET-4,familiar familiarity familiarize/Ｇise,familiar | familiarity | familiarize | familiarise,spot_check,PDF 连字符/共享词尾字形已恢复；共享词尾替换
66,CET-4,favo(u)r favo(u)rable favo(u)rite,favor | favour | favorable | favourable | favorite | favourite,spot_check,括号可选拼写
66,CET-4,fertile fertility fertilizer/Ｇiser,fertile | fertility | fertilizer | fertiliser,spot_check,PDF 连字符/共享词尾字形已恢复；共享词尾替换
67,CET-4,fiber/Ｇbre,fiber | fibre,spot_check,PDF 连字符/共享词尾字形已恢复；共享词尾替换
67,CET-4,final finally finalize/Ｇise,final | finally | finalize | finalise,spot_check,PDF 连字符/共享词尾字形已恢复；共享词尾替换
67,CET-4,fine１,fine,spot_check,同形异义编号已移至 sense_number
67,CET-4,fine２,fine,spot_check,同形异义编号已移至 sense_number
67,CET-4,firm１,firm,spot_check,同形异义编号已移至 sense_number
67,CET-4,firm２,firm,spot_check,同形异义编号已移至 sense_number
68,CET-4,flat１,flat,spot_check,同形异义编号已移至 sense_number
68,CET-4,flat２,flat,spot_check,同形异义编号已移至 sense_number
68,CET-4,flavo(u)r,flavor | flavour,spot_check,括号可选拼写
68,CET-4,fly１,fly,spot_check,同形异义编号已移至 sense_number
68,CET-4,fly２,fly,spot_check,同形异义编号已移至 sense_number
70,CET-4,fulfil(l) fulfil(l)ment,fulfil | fulfill | fulfilment | fulfillment,spot_check,括号可选拼写
71,CET-4,gasoline/petrol,gasoline | petrol,spot_check,斜杠并列形式
71,CET-4,general generally generalize/Ｇise,general | generally | generalize | generalise,spot_check,PDF 连字符/共享词尾字形已恢复；共享词尾替换
72,CET-6,glamo(u)r glamo(u)rous,glamor | glamour | glamorous | glamourous,spot_check,括号可选拼写
72,CET-4,globe global globalize/Ｇise,globe | global | globalize | globalise,spot_check,PDF 连字符/共享词尾字形已恢复；共享词尾替换
73,CET-4,gram(me),gram | gramme,spot_check,括号可选拼写
73,CET-4,gray/grey,gray | grey,spot_check,斜杠并列形式
74,CET-4,gym(nasium),gym | gymnasium,spot_check,括号可选拼写
74,CET-4,hack１,hack,spot_check,同形异义编号已移至 sense_number
74,CET-4,hack２,hack,spot_check,同形异义编号已移至 sense_number
74,CET-4,hail１,hail,spot_check,同形异义编号已移至 sense_number
74,CET-4,hail２,hail,spot_check,同形异义编号已移至 sense_number
74,CET-4,hamburger/burger,hamburger | burger,spot_check,斜杠并列形式
75,CET-4,harbo(u)r,harbor | harbour,spot_check,括号可选拼写
76,CET-4,hero/heroine heroic heroism,hero | heroine | heroic | heroism,spot_check,斜杠并列形式
77,CET-4,highＧtech,high-tech,spot_check,PDF 连字符/共享词尾字形已恢复
77,CET-4,homosexual/homo,homosexual | homo,spot_check,斜杠并列形式；缩写形式
77,CET-4,hono(u)r hono(u)rable hono(u)rary,honor | honour | honorable | honourable | honorary | honourary,spot_check,括号可选拼写
78,CET-4,host１,host,spot_check,同形异义编号已移至 sense_number
78,CET-4,host２,host,spot_check,同形异义编号已移至 sense_number
78,CET-4,humo(u)r humo(u)rous,humor | humour | humorous | humourous,spot_check,括号可选拼写
79,CET-4,iceＧcream,ice-cream,spot_check,PDF 连字符/共享词尾字形已恢复
79,CET-4,immune immunity immunize/Ｇise,immune | immunity | immunize | immunise,spot_check,PDF 连字符/共享词尾字形已恢复；共享词尾替换
80,CET-4,implement１,implement,spot_check,同形异义编号已移至 sense_number
80,CET-4,implement２,implement,spot_check,同形异义编号已移至 sense_number
81,CET-4,industry industrial industrialize/Ｇise industrious,industry | industrial | industrialize | industrialise | industrious,spot_check,PDF 连字符/共享词尾字形已恢复；共享词尾替换
81,CET-4,influenza/flu,influenza | flu,spot_check,斜杠并列形式；缩写形式
81,CET-4,inquire/enquire inquiry/enquiry inquisitive,inquire | enquire | inquiry | enquiry | inquisitive,spot_check,斜杠并列形式
82,CET-4,instal(l) instal(l)ation,instal | install | instalation | installation,spot_check,括号可选拼写
82,CET-4,instal(l)ment,instalment | installment,spot_check,括号可选拼写
82,CET-4,insure/ensure insurance,insure | ensure | insurance,spot_check,斜杠并列形式
83,CET-4,irony ironic(al) ironically,irony | ironic | ironical | ironically,spot_check,括号可选拼写
84,CET-4,jail/gaol,jail | gaol,spot_check,斜杠并列形式
84,CET-4,jam１,jam,spot_check,同形异义编号已移至 sense_number
84,CET-4,jam２,jam,spot_check,同形异义编号已移至 sense_number
84,CET-4,jar１,jar,spot_check,同形异义编号已移至 sense_number
84,CET-4,jar２,jar,spot_check,同形异义编号已移至 sense_number
84,CET-6,jeopardize/Ｇise jeopardy,jeopardize | jeopardise | jeopardy,spot_check,PDF 连字符/共享词尾字形已恢复；共享词尾替换
84,CET-4,jewel jewel(l)ery,jewel | jewelery | jewellery,spot_check,括号可选拼写
84,CET-4,judge judg(e)ment,judge | judgment | judgement,spot_check,括号可选拼写
85,CET-4,just１,just,spot_check,同形异义编号已移至 sense_number
85,CET-4,just２,just,spot_check,同形异义编号已移至 sense_number
85,CET-4,kilogram(me)/kilo,kilogram | kilogramme | kilo,spot_check,括号可选拼写；斜杠并列形式；缩写形式
85,CET-4,kilometer/Ｇtre,kilometer | kilometre,spot_check,PDF 连字符/共享词尾字形已恢复；共享词尾替换
86,CET-4,labo(u)r laborious,labor | labour | laborious,spot_check,括号可选拼写
86,CET-4,laboratory/lab,laboratory | lab,spot_check,斜杠并列形式；缩写形式
86,CET-4,landlord/landlady,landlord | landlady,spot_check,斜杠并列形式
87,CET-4,lead１,lead,spot_check,同形异义编号已移至 sense_number
87,CET-4,lead２,lead,spot_check,同形异义编号已移至 sense_number
87,CET-4,legal legalize/Ｇise,legal | legalize | legalise,spot_check,PDF 连字符/共享词尾字形已恢复；共享词尾替换
88,CET-4,license/Ｇce,license | licence,spot_check,PDF 连字符/共享词尾字形已恢复；共享词尾替换
88,CET-4,lie１,lie,spot_check,同形异义编号已移至 sense_number
88,CET-4,lie２,lie,spot_check,同形异义编号已移至 sense_number
88,CET-4,light１,light,spot_check,同形异义编号已移至 sense_number
88,CET-4,light２,light,spot_check,同形异义编号已移至 sense_number
88,CET-4,like１,like,spot_check,同形异义编号已移至 sense_number
88,CET-4,like２,like,spot_check,同形异义编号已移至 sense_number
88,CET-4,liter/Ｇtre,liter | litre,spot_check,PDF 连字符/共享词尾字形已恢复；共享词尾替换
88,CET-4,live１,live,spot_check,同形异义编号已移至 sense_number
89,CET-4,live２,live,spot_check,同形异义编号已移至 sense_number
89,CET-4,livingＧroom,living-room,spot_check,PDF 连字符/共享词尾字形已恢复
89,CET-6,logistics logistic(al),logistics | logistic | logistical,spot_check,括号可选拼写
89,CET-4,long１,long,spot_check,同形异义编号已移至 sense_number
89,CET-4,long２,long,spot_check,同形异义编号已移至 sense_number
91,CET-6,maneuver/manoeuvre,maneuver | manoeuvre,spot_check,斜杠并列形式
91,CET-4,marvel marvel(l)ous,marvel | marvelous | marvellous,spot_check,括号可选拼写
91,CET-4,material materialism materialist materialize/Ｇise,material | materialism | materialist | materialize | materialise,spot_check,PDF 连字符/共享词尾字形已恢复；共享词尾替换
91,CET-4,math(ematics)/maths mathematical,math | mathematics | maths | mathematical,spot_check,括号可选拼写；斜杠并列形式
92,CET-4,maximum maximize/Ｇise maximal,maximum | maximize | maximise | maximal,spot_check,PDF 连字符/共享词尾字形已恢复；共享词尾替换
92,CET-4,mean１,mean,spot_check,同形异义编号已移至 sense_number
92,CET-4,mean２,mean,spot_check,同形异义编号已移至 sense_number
92,CET-4,mean３,mean,spot_check,同形异义编号已移至 sense_number
92,CET-4,mechanize/Ｇise mechanization/Ｇsation,mechanize | mechanise | mechanization | mechanisation,spot_check,PDF 连字符/共享词尾字形已恢复；共享词尾替换
92,CET-4,memorandum/memo,memorandum | memo,spot_check,斜杠并列形式；缩写形式
92,CET-4,memory memorize/Ｇise,memory | memorize | memorise,spot_check,PDF 连字符/共享词尾字形已恢复；共享词尾替换
93,CET-4,meter/Ｇtre metric,meter | metre | metric,spot_check,PDF 连字符/共享词尾字形已恢复；共享词尾替换
93,CET-4,middleＧclass,middle-class,spot_check,PDF 连字符/共享词尾字形已恢复
93,CET-4,millimeter/Ｇtre,millimeter | millimetre,spot_check,PDF 连字符/共享词尾字形已恢复；共享词尾替换
93,CET-4,mine１,mine,spot_check,同形异义编号已移至 sense_number
93,CET-4,mine２,mine,spot_check,同形异义编号已移至 sense_number
94,CET-4,mine３,mine,spot_check,同形异义编号已移至 sense_number
94,CET-4,minimum minimal minimize/Ｇise,minimum | minimal | minimize | minimise,spot_check,PDF 连字符/共享词尾字形已恢复；共享词尾替换
94,CET-4,minute１,minute,spot_check,同形异义编号已移至 sense_number
94,CET-4,minute２,minute,spot_check,同形异义编号已移至 sense_number
94,CET-4,miss１,miss,spot_check,同形异义编号已移至 sense_number
94,CET-4,miss２,miss,spot_check,同形异义编号已移至 sense_number
94,CET-4,mo(u)ld mo(u)ldy,mold | mould | moldy | mouldy,spot_check,括号可选拼写
94,CET-6,mobilize/Ｇise,mobilize | mobilise,spot_check,PDF 连字符/共享词尾字形已恢复；共享词尾替换
94,CET-4,modern modernize/Ｇise modernization/Ｇsation,modern | modernize | modernise | modernization | modernisation,spot_check,PDF 连字符/共享词尾字形已恢复；共享词尾替换
94,CET-4,mom(my),mom | mommy,spot_check,括号可选拼写
95,CET-6,monopoly monopolize/Ｇise,monopoly | monopolize | monopolise,spot_check,PDF 连字符/共享词尾字形已恢复；共享词尾替换
95,CET-4,mount１,mount,spot_check,同形异义编号已移至 sense_number
95,CET-4,mount２,mount,spot_check,同形异义编号已移至 sense_number
97,CET-4,neighbo(u)r neighbo(u)rhood,neighbor | neighbour | neighborhood | neighbourhood,spot_check,括号可选拼写
97,CET-4,neutral neutrality neutralize/Ｇise,neutral | neutrality | neutralize | neutralise,spot_check,PDF 连字符/共享词尾字形已恢复；共享词尾替换
98,CET-4,normal normally normalize/Ｇise normalization/Ｇsation,normal | normally | normalize | normalise | normalization | normalisation,spot_check,PDF 连字符/共享词尾字形已恢复；共享词尾替换
98,CET-4,novel１,novel,spot_check,同形异义编号已移至 sense_number
98,CET-4,novel２,novel,spot_check,同形异义编号已移至 sense_number
99,CET-4,object１,object,spot_check,同形异义编号已移至 sense_number
99,CET-4,object２,object,spot_check,同形异义编号已移至 sense_number
99,CET-4,odo(u)r odorous,odor | odour | odorous,spot_check,括号可选拼写
99,CET-4,offend offense/Ｇce offensive offender,offend | offense | offence | offensive | offender,spot_check,PDF 连字符/共享词尾字形已恢复；共享词尾替换
99,CET-4,often/oftentimes,often | oftentimes,spot_check,斜杠并列形式
99,CET-4,oldＧfashioned,old-fashioned,spot_check,PDF 连字符/共享词尾字形已恢复
100,CET-4,organize/Ｇise organization/Ｇsation organizational/Ｇsational,organize | organise | organization | organisation | organizational | organisational,spot_check,PDF 连字符/共享词尾字形已恢复；共享词尾替换
100,CET-4,orient１,orient,spot_check,同形异义编号已移至 sense_number
100,CET-4,orient２,orient,spot_check,同形异义编号已移至 sense_number
103,CET-6,paralyze/Ｇyse paralysis,paralyze | paralyse | paralysis,spot_check,PDF 连字符/共享词尾字形已恢复；共享词尾替换
103,CET-4,park１,park,spot_check,同形异义编号已移至 sense_number
103,CET-4,park２,park,spot_check,同形异义编号已移至 sense_number
104,CET-4,patient１,patient,spot_check,同形异义编号已移至 sense_number
104,CET-4,patient２,patient,spot_check,同形异义编号已移至 sense_number
104,CET-6,patron patronize/Ｇise patronage,patron | patronize | patronise | patronage,spot_check,PDF 连字符/共享词尾字形已恢复；共享词尾替换
104,CET-4,penalty penalize/Ｇise,penalty | penalize | penalise,spot_check,PDF 连字符/共享词尾字形已恢复；共享词尾替换
106,CET-4,photo(graph) photographic photographer photography,photo | photograph | photographic | photographer | photography,spot_check,括号可选拼写
107,CET-4,plough/plow,plough | plow,spot_check,斜杠并列形式
108,CET-4,post１,post,spot_check,同形异义编号已移至 sense_number
108,CET-4,post２,post,spot_check,同形异义编号已移至 sense_number
108,CET-4,pound１,pound,spot_check,同形异义编号已移至 sense_number
108,CET-4,pound２,pound,spot_check,同形异义编号已移至 sense_number
108,CET-4,practise/Ｇice practicable,practise | practice | practicable,spot_check,PDF 连字符/共享词尾字形已恢复；共享词尾替换
109,CET-4,present１,present,spot_check,同形异义编号已移至 sense_number
109,CET-4,present２,present,spot_check,同形异义编号已移至 sense_number
109,CET-4,present３,present,spot_check,同形异义编号已移至 sense_number
109,CET-4,press１,press,spot_check,同形异义编号已移至 sense_number
109,CET-4,press２,press,spot_check,同形异义编号已移至 sense_number
109,CET-4,pretend pretense/Ｇce,pretend | pretense | pretence,spot_check,PDF 连字符/共享词尾字形已恢复；共享词尾替换
110,CET-4,prince/princess,prince | princess,spot_check,斜杠并列形式
110,CET-4,private privacy privatize/Ｇise privatization/Ｇsation,private | privacy | privatize | privatise | privatization | privatisation,spot_check,PDF 连字符/共享词尾字形已恢复；共享词尾替换
110,CET-4,program(me),program | programme,spot_check,括号可选拼写
110,CET-4,project１,project,spot_check,同形异义编号已移至 sense_number
110,CET-4,project２,project,spot_check,同形异义编号已移至 sense_number
111,CET-4,public publicize/Ｇise publicity publicly,public | publicize | publicise | publicity | publicly,spot_check,PDF 连字符/共享词尾字形已恢复；共享词尾替换
112,CET-4,race１,race,spot_check,同形异义编号已移至 sense_number
112,CET-4,race２,race,spot_check,同形异义编号已移至 sense_number
112,CET-4,railway/railroad,railway | railroad,spot_check,斜杠并列形式
113,CET-4,realize/Ｇise realization/Ｇsation,realize | realise | realization | realisation,spot_check,PDF 连字符/共享词尾字形已恢复；共享词尾替换
114,CET-4,recognize/Ｇise recognition,recognize | recognise | recognition,spot_check,PDF 连字符/共享词尾字形已恢复；共享词尾替换
114,CET-4,refrigerator/fridge refrigeration,refrigerator | fridge | refrigeration,spot_check,斜杠并列形式
116,CET-4,resort１,resort,spot_check,同形异义编号已移至 sense_number
116,CET-4,resort２,resort,spot_check,同形异义编号已移至 sense_number
116,CET-4,rest１,rest,spot_check,同形异义编号已移至 sense_number
116,CET-4,rest２,rest,spot_check,同形异义编号已移至 sense_number
117,CET-6,rigo(u)r rigorous,rigor | rigour | rigorous,spot_check,括号可选拼写
118,CET-4,row１,row,spot_check,同形异义编号已移至 sense_number
118,CET-4,row２,row,spot_check,同形异义编号已移至 sense_number
118,CET-4,rumo(u)r,rumor | rumour,spot_check,括号可选拼写
120,CET-6,scrutiny scrutinize/Ｇise,scrutiny | scrutinize | scrutinise,spot_check,PDF 连字符/共享词尾字形已恢复；共享词尾替换
120,CET-4,second１,second,spot_check,同形异义编号已移至 sense_number
120,CET-4,second２,second,spot_check,同形异义编号已移至 sense_number
120,CET-4,secondＧhand,second-hand,spot_check,PDF 连字符/共享词尾字形已恢复
124,CET-6,skeptical/sceptical skeptic/sceptic skepticism/scepticism,skeptical | sceptical | skeptic | sceptic | skepticism | scepticism,spot_check,斜杠并列形式
124,CET-4,skill skil(l)ful skilled,skill | skilful | skillful | skilled,spot_check,括号可选拼写
125,CET-6,sober/Ｇre,sober | sobre,spot_check,PDF 连字符/共享词尾字形已恢复；共享词尾替换
125,CET-4,society social socialize/Ｇise sociable,society | social | socialize | socialise | sociable,spot_check,PDF 连字符/共享词尾字形已恢复；共享词尾替换
125,CET-4,soＧcalled,so-called,spot_check,PDF 连字符/共享词尾字形已恢复
126,CET-4,sound１,sound,spot_check,同形异义编号已移至 sense_number
126,CET-4,sound２,sound,spot_check,同形异义编号已移至 sense_number
127,CET-4,spaceship/spacecraft,spaceship | spacecraft,spot_check,斜杠并列形式
127,CET-4,special specialize/Ｇise specialization/Ｇsation specialist,special | specialize | specialise | specialization | specialisation | specialist,spot_check,PDF 连字符/共享词尾字形已恢复；共享词尾替换
127,CET-6,specialty/speciality,specialty | speciality,spot_check,斜杠并列形式
127,CET-4,splendid splendo(u)r,splendid | splendor | splendour,spot_check,括号可选拼写
127,CET-4,spokesman/spokeswoman spokesperson,spokesman | spokeswoman | spokesperson,spot_check,斜杠并列形式
128,CET-4,sportsman/sportswoman,sportsman | sportswoman,spot_check,斜杠并列形式
128,CET-4,stable stability stabilize/Ｇise,stable | stability | stabilize | stabilise,spot_check,PDF 连字符/共享词尾字形已恢复；共享词尾替换
128,CET-4,stamp１,stamp,spot_check,同形异义编号已移至 sense_number
128,CET-4,stamp２,stamp,spot_check,同形异义编号已移至 sense_number
128,CET-4,standard standardize/Ｇise standardization/Ｇsation,standard | standardize | standardise | standardization | standardisation,spot_check,PDF 连字符/共享词尾字形已恢复；共享词尾替换
129,CET-4,stem１,stem,spot_check,同形异义编号已移至 sense_number
129,CET-4,stem２,stem,spot_check,同形异义编号已移至 sense_number
129,CET-6,steward(ess),steward | stewardess,spot_check,括号可选拼写
129,CET-4,stick１,stick,spot_check,同形异义编号已移至 sense_number
129,CET-4,stick２,stick,spot_check,同形异义编号已移至 sense_number
129,CET-4,still１,still,spot_check,同形异义编号已移至 sense_number
129,CET-4,still２,still,spot_check,同形异义编号已移至 sense_number
130,CET-4,stor(e)y２,story | storey,spot_check,括号可选拼写；同形异义编号已移至 sense_number
130,CET-4,store１,store,spot_check,同形异义编号已移至 sense_number
130,CET-4,store２,store,spot_check,同形异义编号已移至 sense_number
130,CET-4,story１,story,spot_check,同形异义编号已移至 sense_number
130,CET-4,strain１,strain,spot_check,同形异义编号已移至 sense_number
130,CET-4,strain２,strain,spot_check,同形异义编号已移至 sense_number
130,CET-4,stroke１,stroke,spot_check,同形异义编号已移至 sense_number
130,CET-4,stroke２,stroke,spot_check,同形异义编号已移至 sense_number
131,CET-4,subject１,subject,spot_check,同形异义编号已移至 sense_number
131,CET-4,subject２,subject,spot_check,同形异义编号已移至 sense_number
131,CET-6,subsidy subsidize/Ｇise,subsidy | subsidize | subsidise,spot_check,PDF 连字符/共享词尾字形已恢复；共享词尾替换
132,CET-4,suit１,suit,spot_check,同形异义编号已移至 sense_number
132,CET-4,suit２,suit,spot_check,同形异义编号已移至 sense_number
132,CET-6,sulfur/sulphur,sulfur | sulphur,spot_check,斜杠并列形式
132,CET-4,summary summarize/Ｇise,summary | summarize | summarise,spot_check,PDF 连字符/共享词尾字形已恢复；共享词尾替换
133,CET-4,swallow１,swallow,spot_check,同形异义编号已移至 sense_number
133,CET-4,swallow２,swallow,spot_check,同形异义编号已移至 sense_number
133,CET-4,symbol symbolic(al),symbol | symbolic | symbolical,spot_check,括号可选拼写
133,CET-6,symmetry symmetric(al),symmetry | symmetric | symmetrical,spot_check,括号可选拼写
133,CET-4,sympathy sympathetic sympathize/Ｇise,sympathy | sympathetic | sympathize | sympathise,spot_check,PDF 连字符/共享词尾字形已恢复；共享词尾替换
133,CET-6,synthesis synthetic synthesize/Ｇise,synthesis | synthetic | synthesize | synthesise,spot_check,PDF 连字符/共享词尾字形已恢复；共享词尾替换
134,CET-4,tear１,tear,spot_check,同形异义编号已移至 sense_number
134,CET-4,tear２,tear,spot_check,同形异义编号已移至 sense_number
134,CET-4,technology/tech technological,technology | tech | technological,spot_check,斜杠并列形式
134,CET-4,telephone/phone,telephone | phone,spot_check,斜杠并列形式
134,CET-4,television/TV,television | TV,spot_check,斜杠并列形式
135,CET-4,tense１,tense,spot_check,同形异义编号已移至 sense_number
135,CET-4,tense２,tense,spot_check,同形异义编号已移至 sense_number
135,CET-4,theater/Ｇtre theatrical,theater | theatre | theatrical,spot_check,PDF 连字符/共享词尾字形已恢复；共享词尾替换
136,CET-4,therapy therapist therapeutic(al),therapy | therapist | therapeutic | therapeutical,spot_check,括号可选拼写
138,CET-4,toward(s),toward | towards,spot_check,括号可选拼写
140,CET-4,tumo(u)r,tumor | tumour,spot_check,括号可选拼写
140,CET-4,tyre/tire,tyre | tire,spot_check,斜杠并列形式
142,CET-4,upＧtoＧdate,up-to-date,spot_check,PDF 连字符/共享词尾字形已恢复
142,CET-4,urban urbanize/Ｇise urbanization/Ｇsation,urban | urbanize | urbanise | urbanization | urbanisation,spot_check,PDF 连字符/共享词尾字形已恢复；共享词尾替换
142,CET-4,utilize/Ｇise utilization/Ｇsation,utilize | utilise | utilization | utilisation,spot_check,PDF 连字符/共享词尾字形已恢复；共享词尾替换
142,CET-4,utter１,utter,spot_check,同形异义编号已移至 sense_number
142,CET-4,utter２,utter,spot_check,同形异义编号已移至 sense_number
142,CET-4,vapo(u)r,vapor | vapour,spot_check,括号可选拼写
144,CET-4,visual visualize/Ｇise,visual | visualize | visualise,spot_check,PDF 连字符/共享词尾字形已恢复；共享词尾替换
144,CET-4,wag(g)on,wagon | waggon,spot_check,括号可选拼写
144,CET-4,wait waiter/waitress,wait | waiter | waitress,spot_check,斜杠并列形式
146,CET-4,well１,well,spot_check,同形异义编号已移至 sense_number
146,CET-4,well２,well,spot_check,同形异义编号已移至 sense_number
146,CET-4,wellＧbeing,well-being,spot_check,PDF 连字符/共享词尾字形已恢复
146,CET-4,wellＧknown,well-known,spot_check,PDF 连字符/共享词尾字形已恢复
146,CET-4,wellＧoff,well-off,spot_check,PDF 连字符/共享词尾字形已恢复
146,CET-4,while/whilst,while | whilst,spot_check,斜杠并列形式
147,CET-4,wind１,wind,spot_check,同形异义编号已移至 sense_number
147,CET-4,wind２,wind,spot_check,同形异义编号已移至 sense_number
147,CET-4,wool wool(l)en,wool | woolen | woollen,spot_check,括号可选拼写
148,CET-4,xＧray,x-ray,spot_check,PDF 连字符/共享词尾字形已恢复
