pdf_page,column,raw_entry,entry
95,left,a/an,a/an
95,left,about,about
95,left,after,after
95,left,afternoon,afternoon
95,left,again,again
95,left,age,age
95,left,ago,ago
95,left,air,air
95,left,all,all
95,left,also,also
95,left,always,always
95,left,and,and
95,left,angry,angry
95,left,animal,animal
95,left,answer,answer
95,left,any,any
95,left,apple,apple
95,left,arm,arm
95,left,art,art
95,left,ask,ask
95,left,astronaut,astronaut
95,left,at,at
95,left,aunt,aunt
95,left,autumn,autumn
95,left,baby,baby
95,right,back,back
95,right,bad,bad
95,right,bag,bag
95,right,ball,ball
95,right,banana,banana
95,right,basketball,basketball
95,right,"be (am, is, are)","be (am, is, are)"
95,right,beach,beach
95,right,bear,bear
95,right,beautiful,beautiful
95,right,because,because
95,right,bed,bed
95,right,bee,bee
95,right,before,before
95,right,begin,begin
95,right,behind,behind
95,right,beside,beside
95,right,best,best
95,right,between,between
95,right,big,big
95,right,bike (=bicycle),bike (=bicycle)
95,right,bird,bird
95,right,birthday,birthday
95,right,black,black
95,right,blackboard,blackboard
95,right,blue,blue
95,right,boat,boat
95,right,body,body
96,left,book,book
96,left,box,box
96,left,boy,boy
96,left,bread,bread
96,left,breakfast,breakfast
96,left,bring,bring
96,left,brother,brother
96,left,brown,brown
96,left,bus,bus
96,left,busy,busy
96,left,but,but
96,left,buy,buy
96,left,by,by
96,left,cake,cake
96,left,call,call
96,left,can,can
96,left,candle,candle
96,left,candy,candy
96,left,cap,cap
96,left,car,car
96,left,card,card
96,left,careful,careful
96,left,cat,cat
96,left,catch,catch
96,left,chair,chair
96,left,chicken,chicken
96,right,child (pl. children),child (pl. children)
96,right,China,China
96,right,Chinese,Chinese
96,right,chore,chore
96,right,cinema,cinema
96,right,city,city
96,right,class,class
96,right,classroom,classroom
96,right,clean,clean
96,right,clever,clever
96,right,clock,clock
96,right,close,close
96,right,clothes,clothes
96,right,cloudy,cloudy
96,right,coat,coat
96,right,cold,cold
96,right,colour (AmE color),colour (AmE color)
96,right,come,come
96,right,computer,computer
96,right,cook,cook
96,right,cool,cool
96,right,cousin,cousin
96,right,cow,cow
96,right,cry,cry
96,right,cup,cup
96,right,cut,cut
96,right,cute,cute
97,left,dance,dance
97,left,day,day
97,left,dear,dear
97,left,desk,desk
97,left,difficult,difficult
97,left,dinner,dinner
97,left,dirty,dirty
97,left,do,do
97,left,doctor,doctor
97,left,dog,dog
97,left,doll,doll
97,left,door,door
97,left,down,down
97,left,draw,draw
97,left,dress,dress
97,left,drink,drink
97,left,driver,driver
97,left,duck,duck
97,left,ear,ear
97,left,early,early
97,left,earth,earth
97,left,easy,easy
97,left,eat,eat
97,left,egg,egg
97,left,elephant,elephant
97,right,email,email
97,right,English,English
97,right,evening,evening
97,right,every,every
97,right,excited,excited
97,right,exercise,exercise
97,right,eye,eye
97,right,face,face
97,right,family,family
97,right,famous,famous
97,right,fan,fan
97,right,far,far
97,right,farm,farm
97,right,farmer,farmer
97,right,fast,fast
97,right,father (dad),father (dad)
97,right,favourite (AmE favorite),favourite (AmE favorite)
97,right,feel,feel
97,right,film,film
97,right,find,find
97,right,fine,fine
97,right,fire,fire
97,right,fish,fish
97,right,floor,floor
97,right,flower,flower
97,right,fly,fly
98,left,food,food
98,left,foot (pl. feet),foot (pl. feet)
98,left,football,football
98,left,for,for
98,left,free,free
98,left,friend,friend
98,left,from,from
98,left,front,front
98,left,fruit,fruit
98,left,game,game
98,left,garden,garden
98,left,get,get
98,left,gift,gift
98,left,girl,girl
98,left,give,give
98,left,glass,glass
98,left,go,go
98,left,good,good
98,left,goodbye (bye),goodbye (bye)
98,left,grandfather (grandpa),grandfather (grandpa)
98,left,grandmother (grandma),grandmother (grandma)
98,left,grape,grape
98,left,grass,grass
98,left,great,great
98,left,green,green
98,right,hair,hair
98,right,half,half
98,right,hand,hand
98,right,happy,happy
98,right,hard,hard
98,right,have (has),have (has)
98,right,he,he
98,right,head,head
98,right,healthy,healthy
98,right,hear,hear
98,right,heavy,heavy
98,right,hello,hello
98,right,help,help
98,right,helpful,helpful
98,right,her,her
98,right,here,here
98,right,hi,hi
98,right,hill,hill
98,right,him,him
98,right,his,his
98,right,holiday,holiday
98,right,home,home
98,right,hometown,hometown
98,right,horse,horse
98,right,hospital,hospital
98,right,hot,hot
98,right,hour,hour
99,left,house,house
99,left,how,how
99,left,hungry,hungry
99,left,hurry,hurry
99,left,hurt,hurt
99,left,I [visually disambiguated from heading],I
99,left,ice,ice
99,left,ice cream,ice cream
99,left,idea,idea
99,left,ill,ill
99,left,in,in
99,left,interesting,interesting
99,left,Internet,Internet
99,left,it,it
99,left,its,its
99,left,job,job
99,left,juice,juice
99,left,jump,jump
99,left,keep,keep
99,left,kid,kid
99,left,kind,kind
99,left,kitchen,kitchen
99,right,kite,kite
99,right,know,know
99,right,lake,lake
99,right,last,last
99,right,late,late
99,right,learn,learn
99,right,left,left
99,right,leg,leg
99,right,lesson,lesson
99,right,let,let
99,right,letter,letter
99,right,library,library
99,right,light,light
99,right,like,like
99,right,lion,lion
99,right,listen,listen
99,right,little,little
99,right,live,live
99,right,long,long
99,right,look,look
99,right,lot,lot
99,right,love,love
99,right,lovely,lovely
99,right,lunch,lunch
100,left,make,make
100,left,man (pl. men),man (pl. men)
100,left,many,many
100,left,map,map
100,left,"maths (=mathematics, AmE math)","maths (=mathematics, AmE math)"
100,left,may,may
100,left,me,me
100,left,meat,meat
100,left,meet,meet
100,left,middle,middle
100,left,milk,milk
100,left,minute,minute
100,left,Miss,Miss
100,left,money,money
100,left,monkey,monkey
100,left,month,month
100,left,moon,moon
100,left,morning,morning
100,left,mother (mum AmE mom),mother (mum AmE mom)
100,left,mouse (pl. mice),mouse (pl. mice)
100,left,mouth,mouth
100,left,move,move
100,left,Mr (AmE Mtr. ),Mr (AmE Mr.)
100,left,Mrs (AmE Mrs. ),Mrs (AmE Mrs. )
100,left,Ms (AmE Ms. ),Ms (AmE Ms. )
100,left,much,much
100,left,music,music
100,right,must,must
100,right,my,my
100,right,name,name
100,right,) near,near
100,right,never,never
100,right,new,new
100,right,next,next
100,right,nice,nice
100,right,night,night
100,right,no,no
100,right,noodle,noodle
100,right,nose,nose
100,right,not,not
100,right,now,now
100,right,nurse,nurse
100,right,o'clock,o'clock
100,right,of,of
100,right,off,off
100,right,often,often
100,right,OK,OK
100,right,old,old
100,right,on,on
100,right,open,open
100,right,or,or
101,left,orange,orange
101,left,our,our
101,left,out,out
101,left,over,over
101,left,pair,pair
101,left,panda,panda
101,left,paper,paper
101,left,parent,parent
101,left,park,park
101,left,party,party
101,left,PE (physical education),PE (physical education)
101,left,pen,pen
101,left,pencil,pencil
101,left,people,people
101,left,pet,pet
101,left,phone,phone
101,left,photo (=photograph),photo (=photograph)
101,left,piano,piano
101,left,picture,picture
101,left,pig,pig
101,left,ping-pong,ping-pong
101,left,pink,pink
101,left,place,place
101,left,plane,plane
101,left,plant,plant
101,left,play,play
101,right,playground,playground
101,right,please,please
101,right,police,police
101,right,potato,potato
101,right,put,put
101,right,question,question
101,right,quiet,quiet
101,right,rabbit,rabbit
101,right,rain,rain
101,right,read,read
101,right,red,red
101,right,rice,rice
101,right,right,right
101,right,river,river
101,right,robot,robot
101,right,room,room
101,right,ruler,ruler
101,right,run,run
101,right,sad,sad
101,right,safe,safe
101,right,say,say
101,right,school,school
102,left,schoolbag,schoolbag
102,left,science,science
102,left,sea,sea
102,left,season,season
102,left,see,see
102,left,sell,sell
102,left,share,share
102,left,she,she
102,left,sheep (pl. sheep),sheep (pl. sheep)
102,left,ship,ship
102,left,shirt,shirt
102,left,shoe,shoe
102,left,shop,shop
102,left,short,short
102,left,shorts,shorts
102,left,should,should
102,left,show,show
102,left,sing,sing
102,left,sister,sister
102,left,sit,sit
102,left,skirt,skirt
102,left,sleep,sleep
102,left,slow,slow
102,left,small,small
102,left,snow,snow
102,left,so,so
102,left,sock,sock
102,left,some,some
102,right,sometimes,sometimes
102,right,song,song
102,right,sorry,sorry
102,right,soup,soup
102,right,space,space
102,right,speak,speak
102,right,sport,sport
102,right,spring,spring
102,right,stand,stand
102,right,star,star
102,right,stop,stop
102,right,story,story
102,right,street,street
102,right,strong,strong
102,right,student,student
102,right,study,study
102,right,subject,subject
102,right,summer,summer
102,right,sun,sun
102,right,sunny,sunny
102,right,supermarket,supermarket
102,right,sure,sure
102,right,sweater,sweater
102,right,sweep,sweep
102,right,swim,swim
102,right,table,table
103,left,tail,tail
103,left,take,take
103,left,talk,talk
103,left,tall,tall
103,left,taxi,taxi
103,left,tea,tea
103,left,teacher,teacher
103,left,tell,tell
103,left,thank,thank
103,left,that,that
103,left,the,the
103,left,their,their
103,left,them,them
103,left,then,then
103,left,there,there
103,left,these,these
103,left,they,they
103,left,thin,thin
103,left,think,think
103,left,this,this
103,left,those,those
103,left,tidy,tidy
103,left,tiger,tiger
103,left,time,time
103,left,tired,tired
103,left,to,to
103,left,today,today
103,left,toilet,toilet
103,right,tomato,tomato
103,right,tomorrow,tomorrow
103,right,too,too
103,right,top,top
103,right,toy,toy
103,right,train,train
103,right,travel,travel
103,right,tree,tree
103,right,trousers,trousers
103,right,try,try
103,right,turn,turn
103,right,TV (television),TV (television)
103,right,umbrella,umbrella
103,right,uncle,uncle
103,right,under,under
103,right,up,up
103,right,us,us
103,right,use,use
103,right,vegetable,vegetable
103,right,very,very
103,right,visit,visit
103,right,wait,wait
104,left,wake,wake
104,left,walk,walk
104,left,wall,wall
104,left,want,want
104,left,warm,warm
104,left,wash,wash
104,left,watch,watch
104,left,water,water
104,left,way,way
104,left,we,we
104,left,wear,wear
104,left,weather,weather
104,left,week,week
104,left,welcome,welcome
104,left,well,well
104,left,what,what
104,left,when,when
104,left,where,where
104,left,which,which
104,left,white,white
104,left,who,who
104,left,whose,whose
104,left,why,why
104,left,will,will
104,left,win,win
104,left,window,window
104,right,windy,windy
104,right,winter,winter
104,right,wish,wish
104,right,with,with
104,right,woman (pl. women),woman (pl. women)
104,right,wonderful,wonderful
104,right,word,word
104,right,work,work
104,right,worker,worker
104,right,world,world
104,right,worry,worry
104,right,write,write
104,right,wrong,wrong
104,right,year,year
104,right,yellow,yellow
104,right,yes,yes
104,right,yesterday,yesterday
104,right,you,you
104,right,young,young
104,right,your,your
104,right,ZOO,zoo
