pdf_page,column,raw_entry,entry,stage_bucket,needs_visual_review
105,left,a/an*,a/an,primary_inherited,
105,left,ability,ability,junior_new,
105,left,able,able,junior_new,
105,right,about *,about,primary_inherited,
105,right,above,above,junior_new,
105,right,abroad,abroad,junior_new,
105,right,absent,absent,junior_new,
106,left,accept,accept,junior_new,
106,left,accident,accident,junior_new,
106,left,according (to),according (to),junior_new,
106,left,account,account,junior_new,
106,left,ache,ache,junior_new,
106,left,achieve,achieve,junior_new,
106,left,across,across,junior_new,
106,left,act,act,junior_new,
106,left,action,action,junior_new,
106,left,active,active,junior_new,
106,left,activity,activity,junior_new,
106,left,actor / actress,actor / actress,junior_new,
106,left,actually,actually,junior_new,
106,left,ad (=advertisement),ad (advertisement),junior_new,
106,left,add,add,junior_new,
106,left,address,address,junior_new,
106,left,admire,admire,junior_new,
106,left,adult,adult,junior_new,
106,left,advantage,advantage,junior_new,
106,left,advice,advice,junior_new,
106,left,advise,advise,junior_new,
106,left,afford,afford,junior_new,
106,left,afraid,afraid,junior_new,
106,left,after *,after,primary_inherited,
106,left,afternoon *,afternoon,primary_inherited,
106,left,again *,again,primary_inherited,
106,left,against,against,junior_new,
106,left,age ~,age,primary_inherited,
106,right,ago”,ago,primary_inherited,
106,right,agree,agree,junior_new,
106,right,ahead,ahead,junior_new,
106,right,Al © artificial intelligence),AI ( artificial intelligence),junior_new,yes
106,right,aid,aid,junior_new,
106,right,aim,aim,junior_new,
106,right,air ~,air,primary_inherited,
106,right,airport,airport,junior_new,
106,right,alarm,alarm,junior_new,
106,right,alive,alive,junior_new,
106,right,all *,all,primary_inherited,
106,right,allow,allow,junior_new,
106,right,almost,almost,junior_new,
106,right,alone,alone,junior_new,
106,right,along,along,junior_new,
106,right,aloud,aloud,junior_new,
106,right,already,already,junior_new,
106,right,also *,also,primary_inherited,
106,right,although,although,junior_new,
106,right,always *,always,primary_inherited,
106,right,a.m.,a.m.,junior_new,
106,right,amazing,amazing,junior_new,
106,right,among,among,junior_new,
106,right,ancient,ancient,junior_new,
106,right,and *,and,primary_inherited,
106,right,angry *,angry,primary_inherited,
106,right,animal *,animal,primary_inherited,
106,right,another,another,junior_new,
107,left,answer *,answer,primary_inherited,
107,left,ant,ant,junior_new,
107,left,any ~,any,primary_inherited,
107,left,anybody / anyone,anybody / anyone,junior_new,
107,left,anything,anything,junior_new,
107,left,anyway,anyway,junior_new,
107,left,anywhere,anywhere,junior_new,
107,left,apartment,apartment,junior_new,
107,left,app (=application),app (application),junior_new,
107,left,appear,appear,junior_new,
107,left,apple *,apple,primary_inherited,
107,left,area,area,junior_new,
107,left,argue,argue,junior_new,
107,left,arm*,arm,primary_inherited,
107,left,army,army,junior_new,
107,left,around,around,junior_new,
107,left,arrive,arrive,junior_new,
107,left,art*,art,primary_inherited,
107,left,article,article,junior_new,
107,left,artist,artist,junior_new,
107,left,as,as,junior_new,
107,left,ask *,ask,primary_inherited,
107,left,asleep,asleep,junior_new,
107,left,astronaut *,astronaut,primary_inherited,
107,left,at”,at,primary_inherited,
107,left,athlete,athlete,junior_new,
107,left,attack,attack,junior_new,
107,left,attend,attend,junior_new,
107,right,attention,attention,junior_new,
107,right,aunt *,aunt,primary_inherited,
107,right,autumn *,autumn,primary_inherited,yes
107,right,average,average,junior_new,
107,right,avoid,avoid,junior_new,
107,right,awake,awake,junior_new,
107,right,award,award,junior_new,
107,right,aware,aware,junior_new,
107,right,away,away,junior_new,
107,right,awful,awful,junior_new,
107,right,baby *,baby,primary_inherited,
107,right,back *,back,primary_inherited,
107,right,background,background,junior_new,
107,right,bad *,bad,primary_inherited,
107,right,badminton,badminton,junior_new,
107,right,bag *,bag,primary_inherited,
107,right,balance,balance,junior_new,
107,right,ball *,ball,primary_inherited,
107,right,balloon,balloon,junior_new,
107,right,bamboo,bamboo,junior_new,
107,right,banana ~,banana,primary_inherited,
107,right,band,band,junior_new,
107,right,bank,bank,junior_new,
107,right,baseball,baseball,junior_new,
107,right,basic,basic,junior_new,
107,right,basket,basket,junior_new,
108,left,basketball *,basketball,primary_inherited,
108,left,bat,bat,junior_new,
108,left,bath,bath,junior_new,
108,left,bathroom,bathroom,junior_new,
108,left,"be (am, is, are) *","be (am, is, are)",primary_inherited,
108,left,beach *,beach,primary_inherited,
108,left,bean,bean,junior_new,
108,left,bear *,bear,primary_inherited,
108,left,beat,beat,junior_new,
108,left,beautiful *,beautiful,primary_inherited,
108,left,because *,because,primary_inherited,
108,left,become,become,junior_new,
108,left,bed *,bed,primary_inherited,
108,left,bedroom,bedroom,junior_new,
108,left,bee *,bee,primary_inherited,
108,left,beef,beef,junior_new,
108,left,before *,before,primary_inherited,
108,left,begin *,begin,primary_inherited,
108,left,behave,behave,junior_new,
108,left,behind *,behind,primary_inherited,
108,left,believe,believe,junior_new,
108,left,bell,bell,junior_new,
108,left,belong,belong,junior_new,
108,left,below,below,junior_new,
108,left,belt,belt,junior_new,
108,left,benefit,benefit,junior_new,
108,left,beside *,beside,primary_inherited,
108,left,best *,best,primary_inherited,
108,right,better,better,junior_new,
108,right,between *,between,primary_inherited,
108,right,big *,big,primary_inherited,
108,right,bike (=bicycle) *,bike (bicycle),primary_inherited,
108,right,bill,bill,junior_new,
108,right,bin,bin,junior_new,
108,right,biology,biology,junior_new,
108,right,bird”,bird,primary_inherited,
108,right,birth,birth,junior_new,
108,right,birthday *,birthday,primary_inherited,
108,right,biscuit,biscuit,junior_new,
108,right,bit,bit,junior_new,
108,right,black *,black,primary_inherited,
108,right,blackboard *,blackboard,primary_inherited,
108,right,bleed,bleed,junior_new,
108,right,blind,blind,junior_new,
108,right,block,block,junior_new,
108,right,blood,blood,junior_new,
108,right,blouse,blouse,junior_new,
108,right,blow,blow,junior_new,
108,right,blue *,blue,primary_inherited,
108,right,board,board,junior_new,
108,right,boat *,boat,primary_inherited,
108,right,body *,body,primary_inherited,
108,right,boil,boil,junior_new,
108,right,book *,book,primary_inherited,
108,right,boring,boring,junior_new,
108,right,born,born,junior_new,
109,left,borrow,borrow,junior_new,
109,left,boss,boss,junior_new,
109,left,both,both,junior_new,
109,left,bottle,bottle,junior_new,
109,left,bottom,bottom,junior_new,
109,left,bowl,bowl,junior_new,
109,left,box *,box,primary_inherited,
109,left,boy *,boy,primary_inherited,
109,left,brain,brain,junior_new,
109,left,brave,brave,junior_new,
109,left,bread *,bread,primary_inherited,
109,left,break,break,junior_new,
109,left,breakfast *,breakfast,primary_inherited,
109,left,breath,breath,junior_new,
109,left,bridge,bridge,junior_new,
109,left,bright,bright,junior_new,
109,left,bring *,bring,primary_inherited,
109,left,brother *,brother,primary_inherited,
109,left,brown *,brown,primary_inherited,
109,left,brush,brush,junior_new,
109,left,budget,budget,junior_new,
109,left,build,build,junior_new,
109,left,building,building,junior_new,
109,left,bully,bully,junior_new,
109,left,burn,burn,junior_new,
109,left,bus *,bus,primary_inherited,
109,left,business,business,junior_new,
109,left,busy *,busy,primary_inherited,
109,right,but *,but,primary_inherited,
109,right,butter,butter,junior_new,
109,right,butterfly,butterfly,junior_new,
109,right,buy*,buy,primary_inherited,
109,right,by*,by,primary_inherited,
109,right,cabbage,cabbage,junior_new,
109,right,cake *,cake,primary_inherited,
109,right,calendar,calendar,junior_new,
109,right,call *,call,primary_inherited,
109,right,calm,calm,junior_new,
109,right,camera,camera,junior_new,
109,right,camp,camp,junior_new,
109,right,can*,can,primary_inherited,
109,right,cancel,cancel,junior_new,
109,right,cancer,cancer,junior_new,
109,right,candle *,candle,primary_inherited,
109,right,candy *,candy,primary_inherited,
109,right,cap*,cap,primary_inherited,
109,right,capital,capital,junior_new,
109,right,car”,car,primary_inherited,
109,right,card *,card,primary_inherited,
109,right,care,care,junior_new,
109,right,careful *,careful,primary_inherited,
109,right,careless,careless,junior_new,
109,right,carrot,carrot,junior_new,
109,right,carry,carry,junior_new,
110,left,cartoon,cartoon,junior_new,
110,left,case,case,junior_new,
110,left,cash,cash,junior_new,
110,left,cat *,cat,primary_inherited,
110,left,catch *,catch,primary_inherited,
110,left,cause,cause,junior_new,
110,left,celebrate,celebrate,junior_new,
110,left,cent,cent,junior_new,
110,left,central,central,junior_new,
110,left,centre (AmE center),centre (AmE center),junior_new,
110,left,century,century,junior_new,
110,left,certain,certain,junior_new,
110,left,chair *,chair,primary_inherited,
110,left,chalk,chalk,junior_new,
110,left,challenge,challenge,junior_new,
110,left,champion,champion,junior_new,
110,left,chance,chance,junior_new,
110,left,change,change,junior_new,
110,left,character,character,junior_new,
110,left,characteristic,characteristic,junior_new,
110,left,charity,charity,junior_new,
110,left,chat,chat,junior_new,
110,left,cheap,cheap,junior_new,
110,left,cheat,cheat,junior_new,
110,left,check,check,junior_new,
110,left,cheer,cheer,junior_new,
110,left,cheese,cheese,junior_new,
110,left,chemistry,chemistry,junior_new,
110,right,chess,chess,junior_new,
110,right,chicken *,chicken,primary_inherited,
110,right,child (pl. children) *,child (pl. children),primary_inherited,
110,right,China *,China,primary_inherited,
110,right,Chinese *,Chinese,primary_inherited,
110,right,chip,chip,junior_new,
110,right,chocolate,chocolate,junior_new,
110,right,choice,choice,junior_new,
110,right,choose,choose,junior_new,
110,right,chopsticks,chopsticks,junior_new,
110,right,chore *,chore,primary_inherited,
110,right,Christmas,Christmas,junior_new,
110,right,cinema *,cinema,primary_inherited,
110,right,circle,circle,junior_new,
110,right,citizen,citizen,junior_new,
110,right,city *,city,primary_inherited,
110,right,class *,class,primary_inherited,
110,right,classic,classic,junior_new,
110,right,classmate,classmate,junior_new,
110,right,classroom ~,classroom,primary_inherited,
110,right,clean *,clean,primary_inherited,
110,right,clear,clear,junior_new,
110,right,clever *,clever,primary_inherited,
110,right,click,click,junior_new,
110,right,climate,climate,junior_new,
110,right,climb,climb,junior_new,
110,right,clock *,clock,primary_inherited,
110,right,close *,close,primary_inherited,
111,left,clothes *,clothes,primary_inherited,
111,left,cloud,cloud,junior_new,
111,left,cloudy *,cloudy,primary_inherited,
111,left,club,club,junior_new,
111,left,coach,coach,junior_new,
111,left,coast,coast,junior_new,
111,left,coat *,coat,primary_inherited,
111,left,coffee,coffee,junior_new,
111,left,coin,coin,junior_new,
111,left,cold*,cold,primary_inherited,
111,left,collect,collect,junior_new,
111,left,college,college,junior_new,
111,left,colour (AmE color) *,colour (AmE color),primary_inherited,
111,left,come *,come,primary_inherited,
111,left,comfortable,comfortable,junior_new,
111,left,common,common,junior_new,
111,left,communicate,communicate,junior_new,
111,left,community,community,junior_new,
111,left,company,company,junior_new,
111,left,compare,compare,junior_new,
111,left,compete,compete,junior_new,
111,left,complete,complete,junior_new,
111,left,computer *,computer,primary_inherited,
111,left,concert,concert,junior_new,
111,left,condition,condition,junior_new,
111,left,confidence,confidence,junior_new,
111,left,congratulation,congratulation,junior_new,
111,left,connect,connect,junior_new,
111,right,consider,consider,junior_new,
111,right,continue,continue,junior_new,
111,right,control,control,junior_new,
111,right,convenient,convenient,junior_new,
111,right,conversation,conversation,junior_new,
111,right,cook *,cook,primary_inherited,
111,right,cookie,cookie,junior_new,
111,right,cool *,cool,primary_inherited,
111,right,cooperate,cooperate,junior_new,
111,right,copy,copy,junior_new,
111,right,corn,corn,junior_new,
111,right,corner,corner,junior_new,
111,right,correct,correct,junior_new,
111,right,cost,cost,junior_new,
111,right,cotton,cotton,junior_new,
111,right,cough,cough,junior_new,
111,right,could,could,junior_new,
111,right,count,count,junior_new,
111,right,country,country,junior_new,
111,right,countryside,countryside,junior_new,
111,right,couple,couple,junior_new,
111,right,courage,courage,junior_new,
111,right,course,course,junior_new,
111,right,cousin *,cousin,primary_inherited,
111,right,cover,cover,junior_new,
111,right,cow,cow,primary_inherited,
111,right,crazy,crazy,junior_new,
111,right,create,create,junior_new,
112,left,creative,creative,junior_new,
112,left,cross,cross,junior_new,
112,left,crowded.,crowded.,junior_new,
112,left,cry”,cry,primary_inherited,
112,left,cucumber,cucumber,junior_new,
112,left,culture,culture,junior_new,
112,left,cup*,cup,primary_inherited,
112,left,curious,curious,junior_new,
112,left,customer,customer,junior_new,
112,left,cut *,cut,primary_inherited,
112,left,cute *,cute,primary_inherited,
112,left,daily,daily,junior_new,
112,left,dance *,dance,primary_inherited,
112,left,danger,danger,junior_new,
112,left,dangerous,dangerous,junior_new,
112,left,dark,dark,junior_new,
112,left,date,date,junior_new,
112,left,daughter,daughter,junior_new,
112,left,day *,day,primary_inherited,
112,left,dead,dead,junior_new,
112,left,deaf,deaf,junior_new,
112,left,deal,deal,junior_new,
112,left,dear *,dear,primary_inherited,
112,left,death,death,junior_new,
112,left,decide,decide,junior_new,
112,left,deep,deep,junior_new,
112,right,degree,degree,junior_new,
112,right,delicious,delicious,junior_new,
112,right,dentist,dentist,junior_new,
112,right,depend,depend,junior_new,
112,right,describe,describe,junior_new,
112,right,desert,desert,junior_new,
112,right,design,design,junior_new,
112,right,desk *,desk,primary_inherited,
112,right,develop,develop,junior_new,
112,right,dialogue (AmE dialog),dialogue (AmE dialog),junior_new,
112,right,diary,diary,junior_new,
112,right,dictionary,dictionary,junior_new,
112,right,die,die,junior_new,
112,right,diet,diet,junior_new,
112,right,difference,difference,junior_new,
112,right,different,different,junior_new,
112,right,difficult *,difficult,primary_inherited,
112,right,dig,dig,junior_new,
112,right,digital,digital,junior_new,
112,right,dining,dining,junior_new,
112,right,dinner *,dinner,primary_inherited,
112,right,direct,direct,junior_new,
112,right,director,director,junior_new,
112,right,dirty *,dirty,primary_inherited,
112,right,disappoint,disappoint,junior_new,
112,right,disaster,disaster,junior_new,
112,right,discover,discover,junior_new,
112,right,discuss,discuss,junior_new,
113,left,disease,disease,junior_new,
113,left,dish,dish,junior_new,
113,left,divide,divide,junior_new,
113,left,do *,do,primary_inherited,
113,left,doctor *,doctor,primary_inherited,
113,left,dog *,dog,primary_inherited,
113,left,doll *,doll,primary_inherited,
113,left,dollar,dollar,junior_new,
113,left,donate,donate,junior_new,
113,left,door *,door,primary_inherited,
113,left,double,double,junior_new,
113,left,doubt,doubt,junior_new,
113,left,down *,down,primary_inherited,
113,left,download,download,junior_new,
113,left,dragon,dragon,junior_new,
113,left,drama,drama,junior_new,
113,left,draw *,draw,primary_inherited,
113,left,dream,dream,junior_new,
113,left,dress *,dress,primary_inherited,
113,left,drink*,drink,primary_inherited,
113,left,drive,drive,junior_new,
113,left,driver *,driver,primary_inherited,
113,left,drop,drop,junior_new,
113,left,dry,dry,junior_new,
113,left,duck *,duck,primary_inherited,
113,left,dumpling,dumpling,junior_new,
113,left,during,during,junior_new,
113,left,duty,duty,junior_new,
113,right,each,each,junior_new,
113,right,eagle,eagle,junior_new,
113,right,ear”,ear,primary_inherited,
113,right,early *,early,primary_inherited,
113,right,earth *,earth,primary_inherited,
113,right,earthquake,earthquake,junior_new,
113,right,east,east,junior_new,
113,right,easy ~,easy,primary_inherited,
113,right,eat *,eat,primary_inherited,
113,right,education,education,junior_new,
113,right,effect,effect,junior_new,
113,right,effort,effort,junior_new,
113,right,egg”,egg,primary_inherited,
113,right,either,either,junior_new,
113,right,elder,elder,junior_new,
113,right,electric,electric,junior_new,
113,right,electronic,electronic,junior_new,
113,right,elephant *,elephant,primary_inherited,
113,right,else,else,junior_new,
113,right,email *,email,primary_inherited,
113,right,emergency,emergency,junior_new,
113,right,emperor / empress,emperor / empress,junior_new,
113,right,empty,empty,junior_new,
113,right,encourage,encourage,junior_new,
113,right,end,end,junior_new,
113,right,enemy,enemy,junior_new,
113,right,energetic,energetic,junior_new,
114,left,energy,energy,junior_new,
114,left,engineer,engineer,junior_new,
114,left,English *,English,primary_inherited,
114,left,enjoy,enjoy,junior_new,
114,left,enough,enough,junior_new,
114,left,enter,enter,junior_new,
114,left,environment,environment,junior_new,
114,left,era,era,junior_new,
114,left,eraser,eraser,junior_new,
114,left,especially,especially,junior_new,
114,left,even,even,junior_new,
114,left,evening *,evening,primary_inherited,
114,left,event,event,junior_new,
114,left,ever,ever,junior_new,
114,left,every ~,every,primary_inherited,
114,left,everybody / everyone,everybody / everyone,junior_new,
114,left,everyday,everyday,junior_new,
114,left,everything,everything,junior_new,
114,left,everywhere,everywhere,junior_new,
114,left,exactly,exactly,junior_new,
114,left,exam (=examination),exam (examination),junior_new,
114,left,example,example,junior_new,
114,left,excellent,excellent,junior_new,
114,left,except,except,junior_new,
114,left,excited *,excited,primary_inherited,
114,left,exciting,exciting,junior_new,
114,left,excuse,excuse,junior_new,
114,left,exercise ~,exercise,primary_inherited,
114,right,expect,expect,junior_new,
114,right,expensive,expensive,junior_new,
114,right,experience,experience,junior_new,
114,right,expert,expert,junior_new,
114,right,explain,explain,junior_new,
114,right,explore,explore,junior_new,
114,right,express,express,junior_new,
114,right,eye”,eye,primary_inherited,
114,right,face *,face,primary_inherited,
114,right,fact,fact,junior_new,
114,right,factory,factory,junior_new,
114,right,fail,fail,junior_new,
114,right,fair,fair,junior_new,
114,right,fall,fall,junior_new,
114,right,false,false,junior_new,
114,right,familiar,familiar,junior_new,
114,right,family *,family,primary_inherited,
114,right,famous ~,famous,primary_inherited,
114,right,fan *,fan,primary_inherited,
114,right,fantastic,fantastic,junior_new,
114,right,far *,far,primary_inherited,
114,right,farm *,farm,primary_inherited,
114,right,farmer *,farmer,primary_inherited,
114,right,fashion,fashion,junior_new,
114,right,fast *,fast,primary_inherited,
114,right,fat,fat,junior_new,
115,left,father (dad) *,father (dad),primary_inherited,
115,left,favourite (AmE favorite) *,favourite (AmE favorite),primary_inherited,
115,left,fear,fear,junior_new,
115,left,feed,feed,junior_new,
115,left,feel *,feel,primary_inherited,
115,left,feeling,feeling,junior_new,
115,left,festival,festival,junior_new,
115,left,fever,fever,junior_new,
115,left,few,few,junior_new,
115,left,field,field,junior_new,
115,left,fight,fight,junior_new,
115,left,fill,fill,junior_new,
115,left,film *,film,primary_inherited,
115,left,final,final,junior_new,
115,left,find *,find,primary_inherited,
115,left,fine *,fine,primary_inherited,
115,left,finger,finger,junior_new,
115,left,finish,finish,junior_new,
115,left,fire *,fire,primary_inherited,
115,left,fireman (pl. firemen),fireman (pl. firemen),junior_new,
115,left,firework,firework,junior_new,
115,left,fish *,fish,primary_inherited,
115,left,fit,fit,junior_new,
115,left,fix,fix,junior_new,
115,left,flag,flag,junior_new,
115,left,flat,flat,junior_new,
115,left,flood,flood,junior_new,
115,left,floor *,floor,primary_inherited,
115,right,flower *,flower,primary_inherited,
115,right,flu,flu,junior_new,
115,right,fly *,fly,primary_inherited,
115,right,focus,focus,junior_new,
115,right,fog,fog,junior_new,
115,right,folk,folk,junior_new,
115,right,follow,follow,junior_new,
115,right,food *,food,primary_inherited,
115,right,fool,fool,junior_new,
115,right,foot (pl. feet) *,foot (pl. feet),primary_inherited,
115,right,football *,football,primary_inherited,
115,right,for *,for,primary_inherited,
115,right,force,force,junior_new,
115,right,foreign,foreign,junior_new,
115,right,forest,forest,junior_new,
115,right,forever,forever,junior_new,
115,right,forget,forget,junior_new,
115,right,fork,fork,junior_new,
115,right,form,form,junior_new,
115,right,forward,forward,junior_new,
115,right,found,found,junior_new,
115,right,fox,fox,junior_new,
115,right,free *,free,primary_inherited,
115,right,freeze,freeze,junior_new,
115,right,fresh,fresh,junior_new,
115,right,fridge (=refrigerator),fridge (refrigerator),junior_new,
115,right,friend *,friend,primary_inherited,
115,right,friendly,friendly,junior_new,
116,left,friendship,friendship,junior_new,
116,left,from *,from,primary_inherited,
116,left,front *,front,primary_inherited,
116,left,fruit *,fruit,primary_inherited,
116,left,full,full,junior_new,
116,left,fun,fun,junior_new,
116,left,funny,funny,junior_new,
116,left,future,future,junior_new,
116,left,game ~,game,primary_inherited,
116,left,garden ~,garden,primary_inherited,
116,left,gas,gas,junior_new,
116,left,gate,gate,junior_new,
116,left,general,general,junior_new,
116,left,gentleman (p/. gentlemen),gentleman (p/. gentlemen),junior_new,
116,left,geography,geography,junior_new,
116,left,get *,get,primary_inherited,
116,left,gift”,gift,primary_inherited,
116,left,giraffe,giraffe,junior_new,
116,left,girl *,girl,primary_inherited,
116,left,give”,give,primary_inherited,
116,left,glad,glad,junior_new,
116,left,glass *,glass,primary_inherited,
116,left,glove,glove,junior_new,
116,left,glue,glue,junior_new,
116,left,"go""",go,primary_inherited,
116,left,goal,goal,junior_new,
116,right,god,god,junior_new,
116,right,gold,gold,junior_new,
116,right,good *,good,primary_inherited,
116,right,goodbye (bye) *,goodbye (bye),primary_inherited,
116,right,government,government,junior_new,
116,right,grade,grade,junior_new,
116,right,graduate,graduate,junior_new,
116,right,grammar,grammar,junior_new,
116,right,grandfather (grandpa) *,grandfather (grandpa),primary_inherited,
116,right,grandmother (grandma) *,grandmother (grandma),primary_inherited,
116,right,"grape""",grape,primary_inherited,
116,right,grass *,grass,primary_inherited,
116,right,great *,great,primary_inherited,
116,right,green *,green,primary_inherited,
116,right,greet,greet,junior_new,
116,right,grey (AmE gray),grey (AmE gray),junior_new,
116,right,ground,ground,junior_new,
116,right,group,group,junior_new,
116,right,grow,grow,junior_new,
116,right,guard,guard,junior_new,
116,right,guess,guess,junior_new,
116,right,guest,guest,junior_new,
116,right,guide,guide,junior_new,
116,right,guitar,guitar,junior_new,
116,right,gun,gun,junior_new,
116,right,gym (=gymnasium),gym (gymnasium),junior_new,
117,left,habit,habit,junior_new,
117,left,hair *,hair,primary_inherited,
117,left,half*,half,primary_inherited,
117,left,hall,hall,junior_new,
117,left,hamburger,hamburger,junior_new,
117,left,hand *,hand,primary_inherited,
117,left,handsome,handsome,junior_new,
117,left,hang,hang,junior_new,
117,left,happen,happen,junior_new,
117,left,happy *,happy,primary_inherited,
117,left,hard *,hard,primary_inherited,
117,left,hardly,hardly,junior_new,
117,left,harm,harm,junior_new,
117,left,hat,hat,junior_new,
117,left,hate,hate,junior_new,
117,left,have (has) *,have (has),primary_inherited,
117,left,he *,he,primary_inherited,
117,left,head *,head,primary_inherited,
117,left,health,health,junior_new,
117,left,healthy *,healthy,primary_inherited,
117,left,hear *,hear,primary_inherited,
117,left,heart,heart,junior_new,
117,left,heat,heat,junior_new,
117,left,heavy *,heavy,primary_inherited,
117,left,height,height,junior_new,
117,left,hello *,hello,primary_inherited,
117,left,help *,help,primary_inherited,
117,right,helpful *,helpful,primary_inherited,
117,right,hen,hen,junior_new,
117,right,her *,her,primary_inherited,
117,right,here *,here,primary_inherited,
117,right,hero,hero,junior_new,
117,right,hers,hers,junior_new,
117,right,herself,herself,junior_new,
117,right,hi*,hi,primary_inherited,
117,right,hide,hide,junior_new,
117,right,high,high,junior_new,
117,right,hike,hike,junior_new,
117,right,hill *,hill,primary_inherited,
117,right,him *,him,primary_inherited,
117,right,himself,himself,junior_new,
117,right,his *,his,primary_inherited,
117,right,history,history,junior_new,
117,right,hit,hit,junior_new,
117,right,hobby,hobby,junior_new,
117,right,hold,hold,junior_new,
117,right,hole,hole,junior_new,
117,right,holiday *,holiday,primary_inherited,
117,right,home *,home,primary_inherited,
117,right,hometown *,hometown,primary_inherited,
117,right,homework,homework,junior_new,
117,right,honest,honest,junior_new,
117,right,honey,honey,junior_new,
117,right,honour (AmE honor),honour (AmE honor),junior_new,
117,right,hope,hope,junior_new,
118,left,horse *,horse,primary_inherited,
118,left,hospital *,hospital,primary_inherited,
118,left,host / hostess,host / hostess,junior_new,
118,left,hot *,hot,primary_inherited,
118,left,hotel,hotel,junior_new,
118,left,hour *,hour,primary_inherited,
118,left,house “,house,primary_inherited,
118,left,housework,housework,junior_new,
118,left,how *,how,primary_inherited,
118,left,however,however,junior_new,
118,left,hug,hug,junior_new,
118,left,huge,huge,junior_new,
118,left,human,human,junior_new,
118,left,humour (AmE humor),humour (AmE humor),junior_new,
118,left,hungry *,hungry,primary_inherited,
118,left,hunt,hunt,junior_new,
118,left,hurry *,hurry,primary_inherited,
118,left,hurt *,hurt,primary_inherited,
118,left,husband,husband,junior_new,
118,left,"I""",I,primary_inherited,
118,left,ice *,ice,primary_inherited,
118,left,ice cream *,ice cream,primary_inherited,
118,left,idea *,idea,primary_inherited,
118,left,if,if,junior_new,
118,left,ill”,ill,primary_inherited,
118,left,illness,illness,junior_new,
118,right,imagine,imagine,junior_new,
118,right,important,important,junior_new,
118,right,impossible,impossible,junior_new,
118,right,improve,improve,junior_new,
118,right,in*,in,primary_inherited,
118,right,include,include,junior_new,
118,right,increase,increase,junior_new,
118,right,industry,industry,junior_new,
118,right,influence,influence,junior_new,
118,right,information,information,junior_new,
118,right,insect,insect,junior_new,
118,right,inside,inside,junior_new,
118,right,instead,instead,junior_new,
118,right,instruction,instruction,junior_new,
118,right,instrument,instrument,junior_new,
118,right,interest,interest,junior_new,
118,right,interesting *,interesting,primary_inherited,
118,right,international,international,junior_new,
118,right,Internet *,Internet,primary_inherited,
118,right,interview,interview,junior_new,
118,right,into,into,junior_new,
118,right,introduce,introduce,junior_new,
118,right,invent,invent,junior_new,
118,right,invite,invite,junior_new,
118,right,island,island,junior_new,
118,right,it *,it,primary_inherited,
118,right,its“,its,primary_inherited,
118,right,itself,itself,junior_new,
119,left,jacket,jacket,junior_new,
119,left,jeans,jeans,junior_new,
119,left,job*,job,primary_inherited,
119,left,jog,jog,junior_new,
119,left,join,join,junior_new,
119,left,joke,joke,junior_new,
119,left,journey,journey,junior_new,
119,left,joy,joy,junior_new,
119,left,judge,judge,junior_new,
119,left,juice *,juice,primary_inherited,
119,left,jump “,jump,primary_inherited,
119,left,junior,junior,junior_new,
119,left,just,just,junior_new,
119,left,keep *,keep,primary_inherited,
119,left,key,key,junior_new,
119,left,keyboard,keyboard,junior_new,
119,left,kick,kick,junior_new,
119,left,"kid""",kid,primary_inherited,
119,left,kill,kill,junior_new,
119,left,kilo (=kilogram),kilo (kilogram),junior_new,
119,left,kilometre (AmE kilometer),kilometre (AmE kilometer),junior_new,
119,left,kind,kind,primary_inherited,
119,left,king,king,junior_new,
119,left,kiss,kiss,junior_new,
119,left,kitchen *,kitchen,primary_inherited,
119,right,kite *,kite,primary_inherited,
119,right,knee,knee,junior_new,
119,right,knife (pl. knives),knife (pl. knives),junior_new,
119,right,knock,knock,junior_new,
119,right,know *,know,primary_inherited,
119,right,knowledge,knowledge,junior_new,
119,right,kung fu,kung fu,junior_new,
119,right,lab (=laboratory),lab (laboratory),junior_new,
119,right,lady,lady,junior_new,
119,right,lake *,lake,primary_inherited,
119,right,lamp,lamp,junior_new,
119,right,land,land,junior_new,
119,right,landscape,landscape,junior_new,
119,right,language,language,junior_new,
119,right,lantern,lantern,junior_new,
119,right,laptop,laptop,junior_new,
119,right,large,large,junior_new,
119,right,last *,last,primary_inherited,
119,right,late *,late,primary_inherited,
119,right,later,later,junior_new,
119,right,laugh,laugh,junior_new,
119,right,law,law,junior_new,
119,right,lawyer,lawyer,junior_new,
119,right,lay,lay,junior_new,
119,right,lazy,lazy,junior_new,
119,right,lead,lead,junior_new,
120,left,leaf (pl. leaves),leaf (pl. leaves),junior_new,
120,left,learn *,learn,primary_inherited,
120,left,least,least,junior_new,
120,left,leave,leave,junior_new,
120,left,left *,left,primary_inherited,
120,left,leg *,leg,primary_inherited,
120,left,lemon,lemon,junior_new,
120,left,lend,lend,junior_new,
120,left,less,less,junior_new,
120,left,lesson *,lesson,primary_inherited,
120,left,let *,let,primary_inherited,
120,left,letter *,letter,primary_inherited,
120,left,level,level,junior_new,
120,left,library *,library,primary_inherited,
120,left,lie,lie,junior_new,
120,left,life (pl. lives),life (pl. lives),junior_new,
120,left,lift,lift,junior_new,
120,left,light *,light,primary_inherited,
120,left,lightning,lightning,junior_new,
120,left,like *,like,primary_inherited,
120,left,likely,likely,junior_new,
120,left,line,line,junior_new,
120,left,lion *,lion,primary_inherited,
120,left,list,list,junior_new,
120,left,listen *,listen,primary_inherited,
120,left,literature,literature,junior_new,
120,left,litter,litter,junior_new,
120,left,little *,little,primary_inherited,
120,right,live*,live,primary_inherited,
120,right,lively,lively,junior_new,
120,right,local,local,junior_new,
120,right,lock,lock,junior_new,
120,right,lonely,lonely,junior_new,
120,right,long *,long,primary_inherited,
120,right,look *,look,primary_inherited,
120,right,lose,lose,junior_new,
120,right,loss,loss,junior_new,
120,right,lost,lost,junior_new,
120,right,lot *,lot,primary_inherited,
120,right,loud,loud,junior_new,
120,right,love*,love,primary_inherited,
120,right,lovely *,lovely,primary_inherited,
120,right,low,low,junior_new,
120,right,luck,luck,junior_new,
120,right,lunch *,lunch,primary_inherited,
120,right,machine,machine,junior_new,
120,right,mad,mad,junior_new,
120,right,madam,madam,junior_new,
120,right,magazine,magazine,junior_new,
120,right,magic,magic,junior_new,
120,right,main,main,junior_new,
120,right,make *,make,primary_inherited,
120,right,mall,mall,junior_new,
120,right,man (pl. men) *,man (pl. men),primary_inherited,
121,left,manage,manage,junior_new,
121,left,manner,manner,junior_new,
121,left,many *,many,primary_inherited,
121,left,map *,map,primary_inherited,
121,left,mark,mark,junior_new,
121,left,market,market,junior_new,
121,left,marry,marry,junior_new,
121,left,master,master,junior_new,
121,left,match,match,junior_new,
121,left,material,material,junior_new,
121,left,"maths (=mathematics, AmE math) *","maths (mathematics, AmE math)",primary_inherited,
121,left,matter,matter,junior_new,
121,left,may *,may,primary_inherited,
121,left,maybe,maybe,junior_new,
121,left,me*,me,primary_inherited,
121,left,meal,meal,junior_new,
121,left,mean,mean,junior_new,
121,left,meaning,meaning,junior_new,
121,left,meat *,meat,primary_inherited,
121,left,medal,medal,junior_new,
121,left,medical,medical,junior_new,
121,left,medicine,medicine,junior_new,
121,left,medium (pl. media),medium (pl. media),junior_new,
121,left,meet *,meet,primary_inherited,
121,left,meeting,meeting,junior_new,
121,left,member,member,junior_new,
121,left,mention,mention,junior_new,
121,left,menu,menu,junior_new,
121,right,mess,mess,junior_new,
121,right,message,message,junior_new,
121,right,method,method,junior_new,
121,right,metre (AmE meter),metre (AmE meter),junior_new,
121,right,middle *,middle,primary_inherited,
121,right,might,might,junior_new,
121,right,mile,mile,junior_new,
121,right,milk”,milk,primary_inherited,
121,right,mind,mind,junior_new,
121,right,mine,mine,junior_new,
121,right,/* minute *,minute,primary_inherited,yes
121,right,mirror,mirror,junior_new,
121,right,miss,miss,junior_new,
121,right,Miss *,Miss,primary_inherited,
121,right,mistake,mistake,junior_new,
121,right,mix,mix,junior_new,
121,right,mobile,mobile,junior_new,
121,right,model,model,junior_new,
121,right,modern,modern,junior_new,
121,right,moment,moment,junior_new,
121,right,money ~,money,primary_inherited,
121,right,monkey *,monkey,primary_inherited,
121,right,month *,month,primary_inherited,
121,right,moon ~,moon,primary_inherited,
121,right,more,more,junior_new,
121,right,morning *,morning,primary_inherited,
121,right,most,most,junior_new,
121,right,mother (mum AmE mom) *,mother (mum AmE mom),primary_inherited,
122,left,mountain,mountain,junior_new,
122,left,mouse (pl. mice) *,mouse (pl. mice),primary_inherited,
122,left,mouth *,mouth,primary_inherited,
122,left,move *,move,primary_inherited,
122,left,movie,movie,junior_new,
122,left,Mr (AmE Mr. ) *,Mr (AmE Mr.),primary_inherited,
122,left,Mrs (AmE Mrs. ) *,Mrs (AmE Mrs. ),primary_inherited,
122,left,Ms (AmE Ms. ) ~,Ms (AmE Ms.),primary_inherited,
122,left,much *,much,primary_inherited,
122,left,museum,museum,junior_new,
122,left,music *,music,primary_inherited,
122,left,must”,must,primary_inherited,
122,left,mutton,mutton,junior_new,
122,left,my”,my,primary_inherited,
122,left,myself,myself,junior_new,
122,left,name ~,name,primary_inherited,
122,left,narrow,narrow,junior_new,
122,left,nation,nation,junior_new,
122,left,nature,nature,junior_new,
122,left,near *,near,primary_inherited,
122,left,nearly,nearly,junior_new,
122,left,necessary,necessary,junior_new,
122,left,neck,neck,junior_new,
122,left,need,need,junior_new,
122,left,negative,negative,junior_new,
122,left,neighbour (AmE neighbor),neighbour (AmE neighbor),junior_new,
122,right,neither,neither,junior_new,
122,right,nervous,nervous,junior_new,
122,right,never,never,primary_inherited,
122,right,new,new,primary_inherited,
122,right,news,news,junior_new,
122,right,newspaper,newspaper,junior_new,
122,right,next”,next,primary_inherited,
122,right,nice,nice,primary_inherited,
122,right,night,night,primary_inherited,
122,right,no,no,primary_inherited,
122,right,nobody,nobody,junior_new,
122,right,nod,nod,junior_new,
122,right,noise,noise,junior_new,
122,right,none,none,junior_new,
122,right,noodle *,noodle,primary_inherited,
122,right,noon,noon,junior_new,
122,right,nor,nor,junior_new,
122,right,normal,normal,junior_new,
122,right,north,north,junior_new,
122,right,nose,nose,primary_inherited,
122,right,not~,not,primary_inherited,
122,right,note,note,junior_new,
122,right,notebook,notebook,junior_new,
122,right,nothing,nothing,junior_new,
122,right,notice,notice,junior_new,
122,right,novel,novel,junior_new,
122,right,now,now,primary_inherited,
122,right,number,number,junior_new,
123,left,nurse *,nurse,primary_inherited,
123,left,object,object,junior_new,
123,left,ocean,ocean,junior_new,
123,left,o'clock *,o'clock,primary_inherited,
123,left,of”,of,primary_inherited,
123,left,off *,off,primary_inherited,
123,left,offer,offer,junior_new,
123,left,office,office,junior_new,
123,left,officer,officer,junior_new,
123,left,often *,often,primary_inherited,
123,left,oil,oil,junior_new,
123,left,"OK""",OK,primary_inherited,
123,left,old *,old,primary_inherited,
123,left,Olympic,Olympic,junior_new,
123,left,on*,on,primary_inherited,
123,left,once,once,junior_new,
123,left,onion,onion,junior_new,
123,left,online,online,junior_new,
123,left,only,only,junior_new,
123,left,open *,open,primary_inherited,
123,left,opera,opera,junior_new,
123,left,operate,operate,junior_new,
123,left,opinion,opinion,junior_new,
123,left,opposite,opposite,junior_new,
123,left,or™,or,primary_inherited,
123,left,orange *,orange,primary_inherited,
123,right,order,order,junior_new,
123,right,organise (AmE organize),organise (AmE organize),junior_new,
123,right,other,other,junior_new,
123,right,our *,our,primary_inherited,
123,right,ours,ours,junior_new,
123,right,ourselves,ourselves,junior_new,
123,right,out *,out,primary_inherited,
123,right,outside,outside,junior_new,
123,right,oven,oven,junior_new,
123,right,over ~,over,primary_inherited,
123,right,own,own,junior_new,
123,right,pack,pack,junior_new,
123,right,packet,packet,junior_new,
123,right,page,page,junior_new,
123,right,pain,pain,junior_new,
123,right,paint,paint,junior_new,
123,right,pair *,pair,primary_inherited,
123,right,palace,palace,junior_new,
123,right,pale,pale,junior_new,
123,right,pancake,pancake,junior_new,
123,right,panda *,panda,primary_inherited,
123,right,paper *,paper,primary_inherited,
123,right,paragraph,paragraph,junior_new,
123,right,pardon,pardon,junior_new,
123,right,parent *,parent,primary_inherited,
123,right,park *,park,primary_inherited,
124,left,part,part,junior_new,
124,left,partner,partner,junior_new,
124,left,party *,party,primary_inherited,
124,left,pass,pass,junior_new,
124,left,passage,passage,junior_new,
124,left,passenger,passenger,junior_new,
124,left,passport,passport,junior_new,
124,left,past,past,junior_new,
124,left,patient,patient,junior_new,
124,left,pay,pay,junior_new,
124,left,PE (=physical education) *,PE (physical education),primary_inherited,
124,left,peace,peace,junior_new,
124,left,pear,pear,junior_new,
124,left,pen*,pen,primary_inherited,
124,left,pencil *,pencil,primary_inherited,
124,left,penguin,penguin,junior_new,
124,left,people *,people,primary_inherited,
124,left,pepper,pepper,junior_new,
124,left,per cent (AmE percent),per cent (AmE percent),junior_new,
124,left,perfect,perfect,junior_new,
124,left,perform,perform,junior_new,
124,left,perhaps,perhaps,junior_new,
124,left,period,period,junior_new,
124,left,person,person,junior_new,
124,left,personal,personal,junior_new,
124,left,pet *,pet,primary_inherited,
124,left,phone *,phone,primary_inherited,
124,left,photo (=photograph) *,photo (photograph),primary_inherited,
124,right,physics,physics,junior_new,
124,right,piano *,piano,primary_inherited,
124,right,pick,pick,junior_new,
124,right,picnic,picnic,junior_new,
124,right,picture *,picture,primary_inherited,
124,right,pie,pie,junior_new,
124,right,piece,piece,junior_new,
124,right,pig *,pig,primary_inherited,
124,right,pill,pill,junior_new,
124,right,pilot,pilot,junior_new,
124,right,ping-pong *,ping-pong,primary_inherited,
124,right,pink *,pink,primary_inherited,
124,right,pioneer,pioneer,junior_new,
124,right,pity,pity,junior_new,
124,right,pizza,pizza,junior_new,
124,right,place *,place,primary_inherited,
124,right,plan,plan,junior_new,
124,right,plane *,plane,primary_inherited,
124,right,planet,planet,junior_new,
124,right,plant *,plant,primary_inherited,
124,right,plastic,plastic,junior_new,
124,right,plate,plate,junior_new,
124,right,play “,play,primary_inherited,
124,right,playground *,playground,primary_inherited,
124,right,please *,please,primary_inherited,
124,right,pleasure,pleasure,junior_new,
124,right,plenty,plenty,junior_new,
124,right,p-m.,p.m.,junior_new,
125,left,pocket,pocket,junior_new,
125,left,poem,poem,junior_new,
125,left,poet,poet,junior_new,
125,left,point,point,junior_new,
125,left,police *,police,primary_inherited,
125,left,policeman / policewoman (pl.,policeman / policewoman (pl.,junior_new,
125,left,policemen / policewomen),policemen / policewomen),junior_new,
125,left,polite,polite,junior_new,
125,left,pollute,pollute,junior_new,
125,left,pool,pool,junior_new,
125,left,poor,poor,junior_new,
125,left,popular,popular,junior_new,
125,left,population,population,junior_new,
125,left,pork,pork,junior_new,
125,left,porridge,porridge,junior_new,
125,left,position,position,junior_new,
125,left,positive,positive,junior_new,
125,left,possible,possible,junior_new,
125,left,post,post,junior_new,
125,left,postcard,postcard,junior_new,
125,left,postman (pl. postmen),postman (pl. postmen),junior_new,
125,left,pot,pot,junior_new,
125,left,potato *,potato,primary_inherited,
125,left,pound,pound,junior_new,
125,left,pour,pour,junior_new,
125,left,power,power,junior_new,
125,left,practice,practice,junior_new,
125,left,praise,praise,junior_new,
125,right,prefer,prefer,junior_new,
125,right,prepare,prepare,junior_new,
125,right,present,present,junior_new,
125,right,president,president,junior_new,
125,right,press,press,junior_new,
125,right,pressure,pressure,junior_new,
125,right,pretty,pretty,junior_new,
125,right,price,price,junior_new,
125,right,pride,pride,junior_new,
125,right,primary,primary,junior_new,
125,right,prince / princess,prince / princess,junior_new,
125,right,print,print,junior_new,
125,right,private,private,junior_new,
125,right,prize,prize,junior_new,
125,right,probably,probably,junior_new,
125,right,problem,problem,junior_new,
125,right,produce,produce,junior_new,
125,right,product,product,junior_new,
125,right,programme (AmE program),programme (AmE program),junior_new,
125,right,progress,progress,junior_new,
125,right,project,project,junior_new,
125,right,promise,promise,junior_new,
125,right,pronounce,pronounce,junior_new,
125,right,proper,proper,junior_new,
125,right,protect,protect,junior_new,
125,right,proud,proud,junior_new,
125,right,prove,prove,junior_new,
125,right,provide,provide,junior_new,
126,left,public,public,junior_new,
126,left,publish,publish,junior_new,
126,left,pull,pull,junior_new,
126,left,punish,punish,junior_new,
126,left,purple,purple,junior_new,
126,left,purpose,purpose,junior_new,
126,left,push,push,junior_new,
126,left,put *,put,primary_inherited,
126,left,quality,quality,junior_new,
126,left,quarter,quarter,junior_new,
126,left,queen,queen,junior_new,
126,left,question *,question,primary_inherited,
126,left,quick,quick,junior_new,
126,left,quiet *,quiet,primary_inherited,
126,left,quite,quite,junior_new,
126,left,rabbit *,rabbit,primary_inherited,
126,left,race,race,junior_new,
126,left,radio,radio,junior_new,
126,left,railway,railway,junior_new,
126,left,rain *,rain,primary_inherited,
126,left,rainbow,rainbow,junior_new,
126,left,raise,raise,junior_new,
126,left,rapid,rapid,junior_new,
126,left,rather,rather,junior_new,
126,right,reach,reach,junior_new,
126,right,read *,read,primary_inherited,
126,right,ready,ready,junior_new,
126,right,real,real,junior_new,
126,right,realise (AmE realize),realise (AmE realize),junior_new,
126,right,really,really,junior_new,
126,right,reason,reason,junior_new,
126,right,receive,receive,junior_new,
126,right,recent,recent,junior_new,
126,right,recognise (AmE recognize),recognise (AmE recognize),junior_new,
126,right,recommend,recommend,junior_new,
126,right,record,record,junior_new,
126,right,recycle,recycle,junior_new,
126,right,red *,red,primary_inherited,
126,right,reduce,reduce,junior_new,
126,right,refuse,refuse,junior_new,
126,right,regret,regret,junior_new,
126,right,relationship,relationship,junior_new,
126,right,relative,relative,junior_new,
126,right,relax,relax,junior_new,
126,right,remain,remain,junior_new,
126,right,remember,remember,junior_new,
126,right,remind,remind,junior_new,
126,right,repair,repair,junior_new,
126,right,repeat,repeat,junior_new,
126,right,reply,reply,junior_new,
126,right,report,report,junior_new,
126,right,require,require,junior_new,
127,left,research,research,junior_new,
127,left,respect,respect,junior_new,
127,left,responsible,responsible,junior_new,
127,left,rest,rest,junior_new,
127,left,restaurant,restaurant,junior_new,
127,left,result,result,junior_new,
127,left,return,return,junior_new,
127,left,review,review,junior_new,
127,left,rice *,rice,primary_inherited,
127,left,rich,rich,junior_new,
127,left,ride,ride,junior_new,
127,left,right *,right,primary_inherited,
127,left,ring,ring,junior_new,
127,left,rise,rise,junior_new,
127,left,risk,risk,junior_new,
127,left,river *,river,primary_inherited,
127,left,road,road,junior_new,
127,left,robot *,robot,primary_inherited,
127,left,rock,rock,junior_new,
127,left,rocket,rocket,junior_new,
127,left,role,role,junior_new,
127,left,room ~,room,primary_inherited,
127,left,rope,rope,junior_new,
127,left,rose,rose,junior_new,
127,left,round,round,junior_new,
127,left,row,row,junior_new,
127,left,rubbish,rubbish,junior_new,
127,left,rule,rule,junior_new,
127,right,ruler *,ruler,primary_inherited,
127,right,run*,run,primary_inherited,
127,right,tush [visually corrected to rush],rush,junior_new,yes
127,right,sad *,sad,primary_inherited,
127,right,safe *,safe,primary_inherited,
127,right,safety,safety,junior_new,
127,right,salad,salad,junior_new,
127,right,sale,sale,junior_new,
127,right,salt,salt,junior_new,
127,right,same,same,junior_new,
127,right,sand,sand,junior_new,
127,right,sandwich,sandwich,junior_new,
127,right,satisfy,satisfy,junior_new,
127,right,save,save,junior_new,
127,right,say *,say,primary_inherited,
127,right,scare,scare,junior_new,
127,right,scarf,scarf,junior_new,
127,right,school *,school,primary_inherited,
127,right,schoolbag *,schoolbag,primary_inherited,
127,right,science *,science,primary_inherited,
127,right,scientist,scientist,junior_new,
127,right,scissors,scissors,junior_new,
127,right,score,score,junior_new,
127,right,screen,screen,junior_new,
127,right,sea”,sea,primary_inherited,
127,right,search,search,junior_new,
128,left,season ~,season,primary_inherited,
128,left,seat,seat,junior_new,
128,left,secret,secret,junior_new,
128,left,see *,see,primary_inherited,
128,left,seem,seem,junior_new,
128,left,seldom,seldom,junior_new,
128,left,sell *,sell,primary_inherited,
128,left,send,send,junior_new,
128,left,sense,sense,junior_new,
128,left,sentence,sentence,junior_new,
128,left,separate,separate,junior_new,
128,left,serious,serious,junior_new,
128,left,serve,serve,junior_new,
128,left,service,service,junior_new,
128,left,set,set,junior_new,
128,left,several,several,junior_new,
128,left,shake,shake,junior_new,
128,left,shall,shall,junior_new,
128,left,shame,shame,junior_new,
128,left,shape,shape,junior_new,
128,left,share *,share,primary_inherited,
128,left,shark,shark,junior_new,
128,left,she,she,primary_inherited,
128,left,sheep (pl. sheep) *,sheep (pl. sheep),primary_inherited,
128,left,shelf (pi. shelves),shelf (pi. shelves),junior_new,
128,left,shine,shine,junior_new,
128,left,ship *,ship,primary_inherited,
128,left,shirt *,shirt,primary_inherited,
128,right,shock,shock,junior_new,
128,right,shoe *,shoe,primary_inherited,
128,right,shoot,shoot,junior_new,
128,right,shop *,shop,primary_inherited,
128,right,short *,short,primary_inherited,
128,right,shorts *,shorts,primary_inherited,
128,right,should *,should,primary_inherited,
128,right,shoulder,shoulder,junior_new,
128,right,shout,shout,junior_new,
128,right,show,show,primary_inherited,
128,right,shower,shower,junior_new,
128,right,shut,shut,junior_new,
128,right,shy,shy,junior_new,
128,right,sick,sick,junior_new,
128,right,side,side,junior_new,
128,right,sign,sign,junior_new,
128,right,silent,silent,junior_new,
128,right,silk,silk,junior_new,
128,right,silly,silly,junior_new,
128,right,silver,silver,junior_new,
128,right,similar,similar,junior_new,
128,right,simple,simple,junior_new,
128,right,since,since,junior_new,
128,right,sing”,sing,primary_inherited,
128,right,single,single,junior_new,
128,right,sir,sir,junior_new,
128,right,sister *,sister,primary_inherited,
128,right,sit *,sit,primary_inherited,
129,left,situation,situation,junior_new,
129,left,size,size,junior_new,
129,left,skate,skate,junior_new,
129,left,ski,ski,junior_new,
129,left,skill,skill,junior_new,
129,left,skirt *,skirt,primary_inherited,
129,left,sky,sky,junior_new,
129,left,sleep *,sleep,primary_inherited,
129,left,slim,slim,junior_new,
129,left,slow*,slow,primary_inherited,
129,left,small *,small,primary_inherited,
129,left,smart,smart,junior_new,
129,left,smell,smell,junior_new,
129,left,smile,smile,junior_new,
129,left,smoke,smoke,junior_new,
129,left,smooth,smooth,junior_new,
129,left,snack,snack,junior_new,
129,left,snake,snake,junior_new,
129,left,snow,snow,primary_inherited,
129,left,so”,so,primary_inherited,
129,left,social,social,junior_new,
129,left,socialism,socialism,junior_new,
129,left,society,society,junior_new,
129,left,sock *,sock,primary_inherited,
129,left,sofa,sofa,junior_new,
129,left,soft,soft,junior_new,
129,left,soil,soil,junior_new,
129,left,soldier,soldier,junior_new,
129,right,solve,solve,junior_new,
129,right,some *,some,primary_inherited,
129,right,somebody / someone,somebody / someone,junior_new,
129,right,something,something,junior_new,
129,right,sometimes *,sometimes,primary_inherited,
129,right,somewhere,somewhere,junior_new,
129,right,son,son,junior_new,
129,right,song *,song,primary_inherited,
129,right,soon,soon,junior_new,
129,right,sore,sore,junior_new,
129,right,sorry *,sorry,primary_inherited,
129,right,sound,sound,junior_new,
129,right,soup *,soup,primary_inherited,
129,right,south,south,junior_new,
129,right,space *,space,primary_inherited,
129,right,spare,spare,junior_new,
129,right,speak *,speak,primary_inherited,
129,right,special,special,junior_new,
129,right,speech,speech,junior_new,
129,right,speed,speed,junior_new,
129,right,spell,spell,junior_new,
129,right,spend,spend,junior_new,
129,right,spirit,spirit,junior_new,
129,right,spoon,spoon,junior_new,
129,right,sport *,sport,primary_inherited,
129,right,spread,spread,junior_new,
129,right,spring *,spring,primary_inherited,
129,right,square,square,junior_new,
130,left,stage,stage,junior_new,
130,left,stamp,stamp,junior_new,
130,left,stand *,stand,primary_inherited,
130,left,standard,standard,junior_new,
130,left,star *,star,primary_inherited,
130,left,start,start,junior_new,
130,left,state,state,junior_new,
130,left,station,station,junior_new,
130,left,stay,stay,junior_new,
130,left,steal,steal,junior_new,
130,left,step,step,junior_new,
130,left,stick,stick,junior_new,
130,left,still,still,junior_new,
130,left,stomach,stomach,junior_new,
130,left,stone,stone,junior_new,
130,left,stop *,stop,primary_inherited,
130,left,store,store,junior_new,
130,left,storm,storm,junior_new,
130,left,story .,story,primary_inherited,
130,left,straight,straight,junior_new,
130,left,strange,strange,junior_new,
130,left,strawberry,strawberry,junior_new,
130,left,street *,street,primary_inherited,
130,left,stress,stress,junior_new,
130,left,strict,strict,junior_new,
130,left,strong *,strong,primary_inherited,
130,left,student *,student,primary_inherited,
130,left,study *,study,primary_inherited,
130,right,style,style,junior_new,
130,right,subject *,subject,primary_inherited,
130,right,succeed,succeed,junior_new,
130,right,success,success,junior_new,
130,right,such,such,junior_new,
130,right,sudden,sudden,junior_new,
130,right,suffer,suffer,junior_new,
130,right,sugar,sugar,junior_new,
130,right,suggest,suggest,junior_new,
130,right,suit,suit,junior_new,
130,right,summer *,summer,primary_inherited,
130,right,sun”,sun,primary_inherited,
130,right,sunny *,sunny,primary_inherited,
130,right,supermarket *,supermarket,primary_inherited,
130,right,support,support,junior_new,
130,right,suppose,suppose,junior_new,
130,right,sure *,sure,primary_inherited,
130,right,surface,surface,junior_new,
130,right,surprise,surprise,junior_new,
130,right,survey,survey,junior_new,
130,right,survive,survive,junior_new,
130,right,sweater *,sweater,primary_inherited,
130,right,sweep *,sweep,primary_inherited,
130,right,sweet,sweet,junior_new,
130,right,swim ~,swim,primary_inherited,
130,right,symbol,symbol,junior_new,
131,left,table *,table,primary_inherited,
131,left,tail *,tail,primary_inherited,
131,left,take *,take,primary_inherited,
131,left,talent,talent,junior_new,
131,left,talk *,talk,primary_inherited,
131,left,tall *,tall,primary_inherited,
131,left,tap,tap,junior_new,
131,left,tape,tape,junior_new,
131,left,task,task,junior_new,
131,left,taste,taste,junior_new,
131,left,taxi,taxi,primary_inherited,
131,left,tea ~,tea,primary_inherited,
131,left,teach,teach,junior_new,
131,left,teacher *,teacher,primary_inherited,
131,left,team,team,junior_new,
131,left,teamwork,teamwork,junior_new,
131,left,technology,technology,junior_new,
131,left,teenage,teenage,junior_new,
131,left,tell *,tell,primary_inherited,
131,left,temperature,temperature,junior_new,
131,left,tennis,tennis,junior_new,
131,left,tent,tent,junior_new,
131,left,term,term,junior_new,
131,left,terrible,terrible,junior_new,
131,left,test,test,junior_new,
131,left,text,text,junior_new,
131,left,than,than,junior_new,
131,right,thank *,thank,primary_inherited,
131,right,that *,that,primary_inherited,
131,right,the *,the,primary_inherited,
131,right,theatre (AmE theater),theatre (AmE theater),junior_new,
131,right,their *,their,primary_inherited,
131,right,theirs,theirs,junior_new,
131,right,them *,them,primary_inherited,
131,right,themselves,themselves,junior_new,
131,right,then *,then,primary_inherited,
131,right,there *,there,primary_inherited,
131,right,therefore,therefore,junior_new,
131,right,these *,these,primary_inherited,
131,right,they *,they,primary_inherited,
131,right,thick,thick,junior_new,
131,right,thin *,thin,primary_inherited,
131,right,thing,thing,junior_new,
131,right,think *,think,primary_inherited,
131,right,thirsty,thirsty,junior_new,
131,right,this *,this,primary_inherited,
131,right,those *,those,primary_inherited,
131,right,though,though,junior_new,
131,right,thought,thought,junior_new,
131,right,throat,throat,junior_new,
131,right,through,through,junior_new,
131,right,throw,throw,junior_new,
131,right,thunder,thunder,junior_new,
131,right,ticket,ticket,junior_new,
131,right,tidy *,tidy,primary_inherited,
132,left,tie,tie,junior_new,
132,left,tiger *,tiger,primary_inherited,
132,left,time *,time,primary_inherited,
132,left,tiny,tiny,junior_new,
132,left,tired *,tired,primary_inherited,
132,left,to”,to,primary_inherited,
132,left,today *,today,primary_inherited,
132,left,tofu,tofu,junior_new,
132,left,together,together,junior_new,
132,left,toilet *,toilet,primary_inherited,
132,left,tomato *,tomato,primary_inherited,
132,left,tomorrow ~,tomorrow,primary_inherited,
132,left,ton,ton,junior_new,
132,left,tonight,tonight,junior_new,
132,left,too *,too,primary_inherited,
132,left,tool,tool,junior_new,
132,left,tooth (pl. teeth),tooth (pl. teeth),junior_new,
132,left,top”,top,primary_inherited,
132,left,total,total,junior_new,
132,left,touch,touch,junior_new,
132,left,tour,tour,junior_new,
132,left,tourist,tourist,junior_new,
132,left,towards (AmE toward),towards (AmE toward),junior_new,
132,left,tower,tower,junior_new,
132,left,town,town,junior_new,
132,left,toy”,toy,primary_inherited,
132,left,trade,trade,junior_new,
132,left,tradition,tradition,junior_new,
132,right,traffic,traffic,junior_new,
132,right,train *,train,primary_inherited,
132,right,training,training,junior_new,
132,right,translate,translate,junior_new,
132,right,travel *,travel,primary_inherited,
132,right,treasure,treasure,junior_new,
132,right,treat,treat,junior_new,
132,right,tree *,tree,primary_inherited,
132,right,trip,trip,junior_new,
132,right,trouble,trouble,junior_new,
132,right,trousers *,trousers,primary_inherited,
132,right,truck,truck,junior_new,
132,right,true,true,junior_new,
132,right,trust,trust,junior_new,
132,right,truth,truth,junior_new,
132,right,[manual visual recovery] try*,try,primary_inherited,yes
132,right,T-shirt,T-shirt,junior_new,
132,right,tum*,turn,primary_inherited,yes
132,right,TV (=television) *,TV (television),primary_inherited,
132,right,ugly,ugly,junior_new,
132,right,umbrella *,umbrella,primary_inherited,
132,right,uncle *,uncle,primary_inherited,
132,right,under *,under,primary_inherited,
132,right,underground,underground,junior_new,
132,right,understand,understand,junior_new,
132,right,uniform,uniform,junior_new,
133,left,unit,unit,junior_new,
133,left,universe,universe,junior_new,
133,left,university,university,junior_new,
133,left,unless,unless,junior_new,
133,left,until (till),until (till),junior_new,
133,left,up”,up,primary_inherited,
133,left,upon,upon,junior_new,
133,left,[manual visual recovery] us*,us,primary_inherited,yes
133,left,use *,use,primary_inherited,
133,left,usual,usual,junior_new,
133,left,vacation,vacation,junior_new,
133,left,value,value,junior_new,
133,left,vegetable *,vegetable,primary_inherited,
133,left,very *,very,primary_inherited,
133,left,victory,victory,junior_new,
133,left,video,video,junior_new,
133,left,view,view,junior_new,
133,left,village,village,junior_new,
133,left,violin,violin,junior_new,
133,left,virus,virus,junior_new,
133,left,visit *,visit,primary_inherited,
133,left,voice,voice,junior_new,
133,left,volleyball,volleyball,junior_new,
133,left,voluntary,voluntary,junior_new,
133,left,volunteer,volunteer,junior_new,
133,left,vote,vote,junior_new,
133,right,wait ~,wait,primary_inherited,
133,right,wake *,wake,primary_inherited,
133,right,walk *,walk,primary_inherited,
133,right,wall *,wall,primary_inherited,
133,right,wallet,wallet,junior_new,
133,right,want *,want,primary_inherited,
133,right,war,war,junior_new,
133,right,warm *,warm,primary_inherited,
133,right,warn,warn,junior_new,
133,right,wash *,wash,primary_inherited,
133,right,waste,waste,junior_new,
133,right,watch *,watch,primary_inherited,
133,right,water *,water,primary_inherited,
133,right,watermelon,watermelon,junior_new,
133,right,wave,wave,junior_new,
133,right,way ~,way,primary_inherited,
133,right,we”,we,primary_inherited,
133,right,weak,weak,junior_new,
133,right,wealth,wealth,junior_new,
133,right,wear”,wear,primary_inherited,
133,right,weather *,weather,primary_inherited,
133,right,website,website,junior_new,
133,right,week *,week,primary_inherited,
133,right,weekday,weekday,junior_new,
133,right,weekend,weekend,junior_new,
133,right,weigh,weigh,junior_new,
133,right,weight,weight,junior_new,
134,left,welcome *,welcome,primary_inherited,
134,left,well *,well,primary_inherited,
134,left,west,west,junior_new,
134,left,wet,wet,junior_new,
134,left,whale,whale,junior_new,
134,left,what *,what,primary_inherited,
134,left,whatever,whatever,junior_new,
134,left,wheel,wheel,junior_new,
134,left,when *,when,primary_inherited,
134,left,whenever,whenever,junior_new,
134,left,where *,where,primary_inherited,
134,left,whether,whether,junior_new,
134,left,which *,which,primary_inherited,
134,left,while,while,junior_new,
134,left,white *,white,primary_inherited,
134,left,who *,who,primary_inherited,
134,left,whole,whole,junior_new,
134,left,whom,whom,junior_new,
134,left,whose *,whose,primary_inherited,
134,left,why *,why,primary_inherited,
134,left,wide,wide,junior_new,
134,left,wife (pl. wives),wife (pl. wives),junior_new,
134,left,wild,wild,junior_new,
134,left,will *,will,primary_inherited,
134,left,win”,win,primary_inherited,
134,left,wind,wind,junior_new,
134,left,window *,window,primary_inherited,
134,left,windy *,windy,primary_inherited,
134,right,wing,wing,junior_new,
134,right,winner,winner,junior_new,
134,right,winter *,winter,primary_inherited,
134,right,wise,wise,junior_new,
134,right,wish *,wish,primary_inherited,
134,right,with *,with,primary_inherited,
134,right,within,within,junior_new,
134,right,without,without,junior_new,
134,right,wolf (pl. wolves),wolf (pl. wolves),junior_new,
134,right,woman (pl. women) *,woman (pl. women),primary_inherited,
134,right,wonder,wonder,junior_new,
134,right,wonderful *,wonderful,primary_inherited,
134,right,wood,wood,junior_new,
134,right,word *,word,primary_inherited,
134,right,work *,work,primary_inherited,
134,right,worker *,worker,primary_inherited,
134,right,world *,world,primary_inherited,
134,right,worry *,worry,primary_inherited,
134,right,worse,worse,junior_new,
134,right,worst,worst,junior_new,
134,right,worth,worth,junior_new,
134,right,would,would,junior_new,
134,right,wound,wound,junior_new,
134,right,write *,write,primary_inherited,
134,right,wrong *,wrong,primary_inherited,
134,right,X-ray,X-ray,junior_new,
135,left,yard,yard,junior_new,
135,left,year ”,year,primary_inherited,
135,left,yellow *,yellow,primary_inherited,
135,left,yes *,yes,primary_inherited,
135,left,yesterday *,yesterday,primary_inherited,
135,left,yet,yet,junior_new,
135,left,yogurt,yogurt,junior_new,
135,left,you”,you,primary_inherited,
135,right,young *,young,primary_inherited,
135,right,your”,your,primary_inherited,
135,right,yours,yours,junior_new,
135,right,yourself (pil. yourselves),yourself (pl. yourselves),junior_new,yes
135,right,youth,youth,junior_new,
135,right,zero,zero,junior_new,
135,right,Z00~,zoo,primary_inherited,yes
